basin,state,siteName,siteUse,destinationCode,destinationFlag,decLat,decLong,dest_decLat,dest_decLong,s_t_r,adwrID,adwrCFS,cdssID,notes
lcr,az,lcr_az_black_streamside,irrigation,164,,34.73869386,-110.5623101,,,,36-23285.0,13.44444444,,
lcr,az,lcr_az_clear,stock,160;164,,34.94960396,-110.6593912,,,,36-32774.0,50.69675926,,
lcr,az,lcr_az_little_colorado,stock,164,,34.89946068,-110.2548177,,,,36-37512.0,36.41203704,,
lcr,az,lcr_az_little_colorado_1,irrigation,166,,34.60027301,-109.4267431,,,,36-28629.1,14.00462963,,
lcr,az,lcr_az_little_colorado_2,irrigation,166,,34.55668501,-109.3929425,,,,36-28628.0,8.962962963,,
lcr,az,lcr_az_mineral_1,irrigation,166,,34.25729194,-109.692029,,,,36-28940.0,28.00925926,,
lcr,az,lcr_az_mineral_2,irrigation,166,,34.26844883,-109.6623691,,,,36-28916.0,28.00925926,,
lcr,az,lcr_az_rio_puerco,irrigation,165,,35.02352179,-109.7173615,,,,36-46855.0,26.55277778,,
lcr,az,lcr_az_rocky_arroyo,irrigation,166,,34.28464345,-109.9705888,,,,36-81225.0,8.402777778,,
lcr,az,lcr_az_show_low_creek,irrigation,169;166,,34.14576837,-109.9741798,,,,36-11031.2,6.722222222,,
lcr,az,lcr_az_silver_creek,irrigation,165;166,,34.73604152,-110.0373876,,,,36-64333.0,59.17796296,,
lcr,az,lcr_az_youngs_1,irrigation,160,,35.20561808,-111.3412338,,,,36-26568.0,22.40740741,,
lcr,az,lcr_az_youngs_2,irrigation,160,,35.20561808,-111.3412338,,,,36-26567.0,22.40740741,,
lcr,az,lcr_az_zuni_watershed_flood,irrigation,166,,34.64933714,-109.4067382,,,,36-28627.1,16.80555556,,
cms,ut,cms_ut_fremont_loa_ditch,irrigation,,,38.476262,-111.58738,,,,,,,
cms,ut,cms_ut_loa_town_ditch,irrigation,,,38.436081,-111.635872,,,,,,,
cms,ut,cms_ut_highline_canal,irrigation,,,38.466516,-111.595554,,,,,,,
sjb,nm,sjb_nm_fruitland_canal,irrigation,,,36.742519,-108.461502,,,,,,,
cms,co,cms_co_fry_ark_pr_no_name_creek,intrabasin,,,39.183613,-106.719412,39.261348,-106.630165,,,,3801608,part of South Collection system of Fry Ark project. Feeds Hunter tunnel
cms,co,cms_co_fry_ark_pr_midway_creek,intrabasin,,,39.191035,-106.685633,39.261348,-106.630165,,,,3801601,part of South Collection system of Fry Ark project. Feeds Hunter tunnel
cms,co,cms_co_fry_ark_pr_hunter_creek,intrabasin,,,39.207515,-106.679414,39.261348,-106.630165,,,,3801593,part of South Collection system of Fry Ark project. Feeds Hunter tunnel
cms,co,cms_co_fry_ark_pr_sawyer_l_creek,interbasin,,-1,39.265955,-106.638953,,,,,,3801613,"part of South Collection system of Fry Ark project. Eventually feeds Boustead Tunnel, which exports water from UCRB"
cms,co,cms_co_fry_ark_pr_chapman_gulch,interbasin,,-1,39.261348,-106.630165,,,,,,3801588,"part of South Collection system of Fry Ark project. Eventually feeds Boustead Tunnel, which exports water from UCRB"
cms,co,cms_co_fry_pr_s_f_frypan_r,interbasin,,-1,39.237791,-106.590063,,,,,,3801610,"part of South Collection system of Fry Ark project. Feeds Boustead Tunnel, which exports water from UCRB"
cms,co,cms_co_fry_ark_pr_fryingpan_cnt,interbasin,,-1,39.2444,-106.530572,,,,,,3801590,"Feeds Boustead Tunnel, which exports water from UCRB"
cms,co,cms_co_fry_ark_pr_carter_cr_cnt,interbasin,,-1,39.366337,-106.544142,,,,,,3801585,"part of North Collection system of Fry Ark project. Feeds Carter tunnel. Eventually, this water is fed into Boustead Tunnel and exported from UCRB"
cms,co,cms_co_fry_ark_pr_north_fork_dv,interbasin,,-1,39.361629,-106.537701,,,,,,3801609,"part of North Collection system of Fry Ark project. Feeds Carter tunnel. Eventually, this water is fed into Boustead Tunnel and exported from UCRB"
cms,co,cms_co_fry_ark_pr_mormon_creek,interbasin,,-1,39.355584,-106.534225,,,,,,3801602,"part of North Collection system of Fry Ark project. Feeds Mormon tunnel. Eventually, this water is fed into Boustead Tunnel and exported from UCRB"
cms,co,cms_co_fry_ark_pr_no_cunham_cr,interbasin,,-1,39.336385,-106.544306,,,,,,3801606,"part of North Collection system of Fry Ark project. Feeds Cunham tunnel. Eventually, this water is fed into Boustead Tunnel and exported from UCRB"
cms,co,cms_co_fry_ark_pr_mid_cunham_cr,interbasin,,-1,39.328647,-106.551596,,,,,,3801600,"part of North Collection system of Fry Ark project. Feeds Cunham tunnel. Eventually, this water is fed into Boustead Tunnel and exported from UCRB"
cms,co,cms_co_fry_ark_pr_so_cunham_cr,interbasin,,-1,39.330882,-106.559638,,,,,,3801616,"part of North Collection system of Fry Ark project. Feeds Cunham tunnel. Eventually, this water is fed into Boustead Tunnel and exported from UCRB"
cms,co,cms_co_fry_ark_pr_ivanhoe_creek,interbasin,,-1,39.287589,-106.558921,,,,,,3801595,"part of North Collection system of Fry Ark project. Feeds Nast tunnel. Eventually, this water is fed into Boustead Tunnel and exported from UCRB"
cms,co,cms_co_fry_ark_pr_lily_pad_cr,interbasin,,-1,39.258422,-106.537274,,,,,,3801598,"part of North Collection system of Fry Ark project. Feeds Nast tunnel. Eventually, this water is fed into Boustead Tunnel and exported from UCRB"
cms,co,cms_co_fry_ark_pr_granite_creek,interbasin,,-1,39.256739,-106.564195,,,,,,3801592,"part of North Collection system of Fry Ark project. Feeds Nast tunnel. Eventually, this water is fed into Boustead Tunnel and exported from UCRB"
grb,wy,grb_wy_eden_no_1_canal,irrigation,,,,,,,17-27-106,,,,
grb,wy,grb_wy_means_canal,irrigation,,,,,,,11-26-106,,,,
grb,wy,grb_wy_mesa_irrigating_canal,irrigation,,,,,,,2-13-089,,,,
grb,wy,grb_wy_harrison_sayer_ditch,irrigation,,,,,,,25-34-114,,,,
grb,wy,grb_wy_maude_ditch,irrigation,,,,,,,14-13-118,,,,
grb,wy,grb_wy_cl_byrne_no_2_ditch,irrigation,,,,,,,4-14-117,,,,
grb,wy,grb_wy_green_river_water_works,industrial,,,,,,,15-18-107,,,,
grb,wy,grb_wy_westvaco_pipeline,industrial,,,,,,,16-20-109,,,,
grb,wy,grb_wy_jim_bridger_powerplant,industrial,,,,,,,15-18-107,,,,
grb,wy,grb_wy_bertram_ditch,irrigation,,,,,,,16-31-109,,,,
grb,wy,grb_wy_naughton_powerplant,industrial,,,,,,,27-22-116,,,,
grb,wy,grb_wy_botero_ditch,irrigation,,,,,,,18-13-115,,,,
grb,wy,grb_wy_mccaully_sargent_ditch,irrigation,,,,,,,17-35-113,,,,
grb,wy,grb_wy_darrow_ditch,irrigation,,,,,,,4-35-113,,,,
grb,wy,grb_wy_little_sandy_ditch,irrigation,,,,,,,9-29-104,,,,
grb,wy,grb_wy_cm_larson_ditch,irrigation,,,,,,,18-15-113,,,,
grb,wy,grb_wy_outlet_cross_ditch,irrigation,,,,,,,19-14-117,,,,
grb,wy,grb_wy_old_mexican_ditch,irrigation,,,,,,,25-21-113,,,,
grb,wy,grb_wy_vickery_no_1_ditch,irrigation,,,,,,,25-34-114,,,,
grb,wy,grb_wy_stag_hollow_ditch,irrigation,,,,,,,11-12-114,,,,
grb,wy,grb_wy_martin_ditch,irrigation,,,,,,,2-35-113,,,,
grb,wy,grb_wy_south_fork_ditch,irrigation,,,,,,,24-25-116,,,,
grb,wy,grb_wy_sutton_ditch,irrigation,,,,,,,32-34-110,,,,
grb,wy,grb_wy_pearson_ditch,irrigation,,,,,,,32-35-111,,,,
cms,co,cms_co_fraser_river_diversion_project_fraser_river,interbasin,,-1,39.861642,-105.749436,,,,,,5100639,"part of Fraser River Diversion Project. Eventually feeds Moffat Tunnel, which exports water from UCRB"
cms,co,cms_co_fraser_river_diversion_project_jim_creek,interbasin,,-1,39.880668,-105.741527,,,,,,5101264,"part of Fraser River Diversion Project. Eventually feeds Moffat Tunnel, which exports water from UCRB"
cms,co,cms_co_fraser_river_diversion_project_little_vasquez,interbasin,,-1,39.890172,-105.794707,,,,,,5101265,"part of Fraser River Diversion Project. Eventually feeds Moffat Tunnel, which exports water from UCRB"
cms,co,cms_co_fraser_river_diversion_project_buck_creek,interbasin,,-1,39.891207,-105.751664,,,,,,5101266,"part of Fraser River Diversion Project. Eventually feeds Moffat Tunnel, which exports water from UCRB"
cms,co,cms_co_fraser_river_diversion_project_north_ranch,interbasin,,-1,39.95195,-105.736384,,,,,,5101267,"part of Fraser River Diversion Project. Eventually feeds Moffat Tunnel, which exports water from UCRB"
cms,co,cms_co_fraser_river_diversion_project_ranch_creek,interbasin,,-1,39.939828,-105.732684,,,,,,5101268,"part of Fraser River Diversion Project. Eventually feeds Moffat Tunnel, which exports water from UCRB"
cms,co,cms_co_fraser_river_diversion_project_south_ranch,interbasin,,-1,39.929174,-105.734888,,,,,,5101269,"part of Fraser River Diversion Project. Eventually feeds Moffat Tunnel, which exports water from UCRB"
cms,co,cms_co_fraser_river_diversion_project_west_st_louis,interbasin,,-1,39.890661,-105.909581,,,,,,5101270,"part of Fraser River Diversion Project. Eventually feeds Moffat Tunnel, which exports water from UCRB"
cms,co,cms_co_fraser_river_diversion_project_st_louis_ck,interbasin,,-1,39.852596,-105.909523,,,,,,5101309,"part of Fraser River Diversion Project. Eventually feeds Moffat Tunnel, which exports water from UCRB"
cms,co,cms_co_fraser_river_diversion_project_vasquez_creek,interbasin,,-1,39.865505,-105.820273,,,,,,5101310,"part of Fraser River Diversion Project. Eventually feeds Moffat Tunnel, which exports water from UCRB. Technically, this diversion diverts natural flows in Vasquez Creek AND rediverts water imported from the Williams Fork basin (see Williams Fork Tunnel and associated note)"
cms,co,cms_co_fraser_river_diversion_project_faun_creek,interbasin,,-1,39.915293,-105.748452,,,,,,5101313,"part of Fraser River Diversion Project. Eventually feeds Moffat Tunnel, which exports water from UCRB"
cms,co,cms_co_fraser_river_diversion_project_cooper_creek,interbasin,,-1,39.88936,-105.774943,,,,,,5101324,"part of Fraser River Diversion Project. Eventually feeds Moffat Tunnel, which exports water from UCRB"
