Location,raw_min,raw_max,filtered_min,filtered_max,filled_min,filled_max
div_0001_irrigation,0,34.2,0,23.7,0,23.7
div_0002_irrigation,0,9.3,0,9.3,0,9.3
div_0003_irrigation,0,58.1,0,48.2,0,48.2
div_0004_irrigation,0,109,0,45.87,0,45.87
div_0005_irrigation,0,84.9,0,37.49,0,37.49
div_0006_irrigation,0,7,0,7,0,7
div_0007_irrigation,0,10,0,10,0,10
div_0008_irrigation,0,5,0,5,0,5
div_0009_irrigation,0,10,0,10,0,10
div_0010_intrabasin,0,88,0,88,0,88
div_0011_irrigation,0,20.88,0,20.88,0,20.88
div_0012_irrigation,0,7,0,7,0,7
div_0013_irrigation,0,48,0,48,0,48
div_0014_irrigation,0,44.05,0,44.05,0,44.05
div_0015_irrigation,0,2024,0,18,0,18
div_0016_irrigation,0,8.6,0,8.6,0,8.6
div_0017_hydropower,0,99.5,0,66.97,0,66.97
div_0018_irrigation,0,19.05,0,19.05,0,19.05
div_0019_irrigation,0,12,0,12,0,12
div_0020_irrigation,0,15.1,0,15.1,0,15.1
div_0021_irrigation,0,31.3,0,31.3,0,31.3
div_0022_irrigation,0,14.64,0,14.64,0,14.64
div_0023_irrigation,0,210,0,210,0,210
div_0024_irrigation,0,509,0,16.75,0,16.75
div_0025_irrigation,0,16.75,0,16.75,0,16.75
div_0026_irrigation,0,65,0,65,0,65
div_0027_irrigation,0,19.6,0,19.6,0,19.6
div_0028_irrigation,0,232,0,11.1,0,11.1
div_0029_irrigation,0,65.39,0,65.39,0,65.39
div_0030_irrigation,0,20.9,0,20.9,0,20.9
div_0031_irrigation,0,9.5,0,9.5,0,9.5
div_0032_irrigation,0,25,0,25,0,25
div_0033_irrigation,0,16.9,0,16.9,0,16.9
div_0034_irrigation,0,15,0,15,0,15
div_0035_irrigation,0,27.6,0,27.6,0,27.6
div_0036_interbasin,0,47,0,35,0,35
div_0037_irrigation,0,67.9,0,67.9,0,67.9
div_0038_irrigation,0,14.2,0,14.2,0,14.2
div_0039_irrigation,0,57,0,57,0,57
div_0040_irrigation,0,48.16,0,48.16,0,48.16
div_0041_irrigation,0,250,0,250,0,250
div_0042_irrigation,0,10,0,10,0,10
div_0043_irrigation,0,30.3,0,30.3,0,30.3
div_0044_irrigation,0,31,0,31,0,31
div_0045_interbasin,0,605,0,605,0,605
div_0046_irrigation,0,96,0,96,0,96
div_0047_irrigation,0,47.8,0,47.8,0,47.8
div_0048_irrigation,0,25.1,0,25.1,0,25.1
div_0049_irrigation,0,75,0,75,0,75
div_0050_irrigation,0,78.58,0,78.58,0,78.58
div_0051_irrigation,0,17,0,17,0,17
div_0052_irrigation,0,16.1,0,16.1,0,16.1
div_0053_interbasin,0,7.67,0,7.67,0,7.67
div_0054_irrigation,0,12.8,0,12.8,0,12.8
div_0055_irrigation,0,5384.82,0,34.1,0,34.1
div_0056_irrigation,0,10,0,10,0,10
div_0057_irrigation,0,33.33,0,33.33,0,33.33
div_0058_irrigation,0,17,0,17,0,17
div_0059_irrigation,0,11.3,0,11.3,0,11.3
div_0060_irrigation,0,7.04,0,7.04,0,7.04
div_0061_irrigation,0,23.3,0,23.3,0,23.3
div_0062_irrigation,0,50,0,50,0,50
div_0063_irrigation,0,23.35,0,23.35,0,23.35
div_0064_irrigation,0,26,0,26,0,26
div_0065_irrigation,0,29.1,0,29.1,0,29.1
div_0066_irrigation,0,22,0,22,0,22
div_0067_irrigation,0,14.1,0,14.1,0,14.1
div_0068_irrigation,0,27.6,0,27.6,0,27.6
div_0069_irrigation,0,405,0,30.13,0,30.13
div_0070_irrigation,0,20,0,20,0,20
div_0071_irrigation,0,10.1,0,10.1,0,10.1
div_0072_irrigation,0,15.05,0,15.05,0,15.05
div_0073_irrigation,0,77.44,0,53.6,0,53.6
div_0074_municipal,0,2.591,0,2.591,0,2.591
div_0075_irrigation,0,12,0,12,0,12
div_0076_municipal,0,125,0,16.48,0,16.48
div_0077_irrigation,0,20.25,0,20.25,0,20.25
div_0078_interbasin,0,666.9,0,666.9,0,666.9
div_0079_intrabasin,0,551,0,551,0,551
div_0080_irrigation,0,73,0,73,0,73
div_0081_irrigation,0,50,0,50,0,50
div_0082_irrigation,0,30,0,30,0,30
div_0083_irrigation,0,30.13,0,30.13,0,30.13
div_0084_irrigation,0,39.04,0,39.04,0,39.04
div_0085_irrigation,0,41.6,0,41.6,0,41.6
div_0086_irrigation,0,31,0,31,0,31
div_0087_irrigation,0,32,0,32,0,32
div_0088_irrigation,0,38.5,0,38.5,0,38.5
div_0089_irrigation,0,188,0,188,0,188
div_0090_irrigation,0,8.88,0,8.88,0,8.88
div_0091_irrigation,0,21.6,0,21.6,0,21.6
div_0092_irrigation,0,60,0,36.1,0,36.1
div_0093_irrigation,0,12.3,0,12.3,0,12.3
div_0094_irrigation,0,25.2,0,25.2,0,25.2
div_0095_irrigation,0,16.1,0,16.1,0,16.1
div_0096_irrigation,0,15,0,15,0,15
div_0097_irrigation,0,19.41,0,19.41,0,19.41
div_0098_irrigation,0,31.8,0,31.8,0,31.8
div_0099_irrigation,0,14.99,0,14.99,0,14.99
div_0100_irrigation,0,35.5,0,35.5,0,35.5
div_0101_irrigation,0,3,0,3,0,3
div_0102_irrigation,0,20.6,0,20.6,0,20.6
div_0103_irrigation,0,15,0,15,0,15
div_0104_irrigation,0,18.9,0,18.9,0,18.9
div_0105_irrigation,0,11,0,11,0,11
div_0106_interbasin,0,66.6,0,66.6,0,66.6
div_0107_interbasin,0,242.57,0,242.57,0,242.57
div_0108_interbasin,0,163.5492,0,163.5492,0,163.5492
div_0109_irrigation,0,15.8,0,15.8,0,15.8
div_0110_irrigation,0,47.8,0,41.2,0,41.2
div_0111_irrigation,0,14.6,0,14.6,0,14.6
div_0112_irrigation,0,13.6,0,13.6,0,13.6
div_0113_irrigation,0,21.6,0,21.6,0,21.6
div_0114_irrigation,0,40.37,0,39.43,0,39.43
div_0115_irrigation,0,20.74,0,20.74,0,20.74
div_0116_irrigation,0,26.5,0,26.5,0,26.5
div_0117_irrigation,0,17.5,0,17.5,0,17.5
div_0118_irrigation,0,30.62,0,30.62,0,30.62
div_0119_irrigation,0,12,0,12,0,12
div_0120_irrigation,0,12,0,12,0,12
div_0121_irrigation,0,130,0,130,0,130
div_0122_irrigation,0,16,0,16,0,16
div_0123_irrigation,0,27.2,0,27.2,0,27.2
div_0124_irrigation,0,8.46,0,8.46,0,8.46
div_0125_irrigation,0,25,0,25,0,25
div_0126_irrigation,0,16.5,0,16.5,0,16.5
div_0127_irrigation,0,8.7,0,8.7,0,8.7
div_0128_irrigation,0,44,0,22,0,22
div_0129_irrigation,0,24.94,0,24.94,0,24.94
div_0130_irrigation,0,35,0,35,0,35
div_0131_irrigation,0,26.1,0,26.1,0,26.1
div_0132_irrigation,0,38,0,38,0,38
div_0133_irrigation,0,36.6,0,36.6,0,36.6
div_0134_irrigation,0,12,0,12,0,12
div_0135_irrigation,0,16,0,16,0,16
div_0136_irrigation,0,12,0,12,0,12
div_0137_irrigation,0,29.9,0,29.9,0,29.9
div_0138_irrigation,0,80,0,80,0,80
div_0139_irrigation,0,26.8,0,26.8,0,26.8
div_0140_irrigation,0,13,0,13,0,13
div_0141_irrigation,0,20.1,0,20.1,0,20.1
div_0142_irrigation,0,56.23,0,56.23,0,56.23
div_0143_irrigation,0,6.9,0,6.9,0,6.9
div_0144_irrigation,0,13.3,0,13.3,0,13.3
div_0145_irrigation,0,138.71,0,138.71,0,138.71
div_0146_irrigation,0,27.2,0,27.2,0,27.2
div_0147_irrigation,0,394,0,394,0,394
div_0148_irrigation,0,15.3,0,15.3,0,15.3
div_0149_irrigation,0,23.8,0,23.8,0,23.8
div_0150_irrigation,0,11.19,0,11.19,0,11.19
div_0151_irrigation,0,15.2,0,15.2,0,15.2
div_0152_irrigation,0,19,0,19,0,19
div_0153_irrigation,0,10,0,10,0,10
div_0154_irrigation,0,9.6,0,9.6,0,9.6
div_0155_irrigation,0,7.63,0,7.63,0,7.63
div_0156_irrigation,0,1530,0,340,0,340
div_0157_irrigation,0,20.3,0,20.3,0,20.3
div_0158_irrigation,0,20.96,0,20.96,0,20.96
div_0159_irrigation,0,50,0,50,0,50
div_0160_irrigation,0,169.89,0,169.89,0,169.89
div_0161_irrigation,0,80,0,80,0,80
div_0162_municipal,0,6.125,0,6.125,0,6.125
div_0163_irrigation,0,6.5,0,6.5,0,6.5
div_0164_irrigation,0,15.5,0,15.5,0,15.5
div_0165_irrigation,0,15.1,0,15.1,0,15.1
div_0166_irrigation,0,6,0,6,0,6
div_0167_irrigation,0,11.5,0,11.5,0,11.5
div_0168_irrigation,0,8.6,0,8.6,0,8.6
div_0169_irrigation,0,42.66,0,42.66,0,42.66
div_0170_intrabasin,0,200,0,200,0,200
div_0171_irrigation,0,20,0,20,0,20
div_0172_irrigation,0,35.5,0,35.5,0,35.5
div_0173_irrigation,0,14.4,0,14.4,0,14.4
div_0174_irrigation,0,9.97,0,9.97,0,9.97
div_0175_irrigation,0,12,0,12,0,12
div_0176_irrigation,0,12,0,12,0,12
div_0177_interbasin,0,30,0,30,0,30
div_0178_irrigation,0,18.7,0,18.7,0,18.7
div_0179_irrigation,0,13,0,13,0,13
div_0180_irrigation,0,20,0,20,0,20
div_0181_irrigation,0,217,0,217,0,217
div_0182_irrigation,0,52.8,0,52.8,0,52.8
div_0183_irrigation,0,39.93,0,16.4,0,16.4
div_0184_irrigation,0,25,0,25,0,25
div_0185_irrigation,0,18.21,0,18.21,0,18.21
div_0186_irrigation,0,11.1,0,11.1,0,11.1
div_0187_irrigation,0,53.9,0,53.9,0,53.9
div_0188_irrigation,0,48.61,0,48.61,0,48.61
div_0189_interbasin,0,190.8,0,157.2,0,157.2
div_0190_intrabasin,0,300,0,300,0,300
div_0191_interbasin,0,1410.2916,0,1410.2916,0,1410.2916
div_0192_irrigation,0,143.77,0,34,0,34
div_0193_irrigation,0,195,0,13.28,0,13.28
div_0194_irrigation,0,33.9,0,33.9,0,33.9
div_0195_irrigation,0,661,0,146,0,146
div_0196_irrigation,0,25.4,0,25.4,0,25.4
div_0197_irrigation,0,12.6,0,12.6,0,12.6
div_0198_irrigation,0,15,0,15,0,15
div_0199_irrigation,0,41.3,0,41.3,0,41.3
div_0200_irrigation,0,10,0,10,0,10
div_0201_irrigation,0,62.4,0,62.4,0,62.4
div_0202_municipal,0,11.7848,0,11.7848,0,11.7848
div_0203_municipal,0,41,0,25.1,0,25.1
div_0204_irrigation,0,25.28,0,25.28,0,25.28
div_0205_irrigation,0,44.22,0,41.3,0,41.3
div_0206_irrigation,0,91.8,0,65.5,0,65.5
div_0207_irrigation,0,12,0,12,0,12
div_0208_irrigation,0,33.9,0,33.9,0,33.9
div_0209_irrigation,0,8,0,8,0,8
div_0210_irrigation,0,40,0,40,0,40
div_0211_irrigation,0,41.48,0,41.48,0,41.48
div_0212_irrigation,0,11.98,0,11.98,0,11.98
div_0213_municipal,0,16.418,0,16.418,0,16.418
div_0214_municipal,0,8.44,0,8.44,0,8.44
div_0215_interbasin,0,324,0,324,0,324
div_0216_irrigation,0,26.8,0,26.8,0,26.8
div_0217_irrigation,0,968,0,968,0,968
div_0218_irrigation,0,5165,0,1995.024,0,1995.024
div_0219_irrigation,0,107.41,0,107.41,0,107.41
div_0220_irrigation,0,20,0,20,0,20
div_0221_irrigation,0,81,0,81,0,81
div_0222_irrigation,0,46.47,0,46.47,0,46.47
div_0223_irrigation,0,583.23,0,583.23,0,583.23
div_0224_irrigation,0,40.5,0,27.6,0,27.6
div_0225_irrigation,0,52.71,0,43.2,0,43.2
div_0226_irrigation,0,38.2,0,38.2,0,38.2
div_0227_irrigation,0,18,0,18,0,18
div_0228_irrigation,0,16.6,0,16.6,0,16.6
div_0229_irrigation,0,12,0,12,0,12
div_0230_irrigation,0,8.1,0,8.1,0,8.1
div_0231_irrigation,0,40.3,0,40.3,0,40.3
div_0232_irrigation,0,9.48,0,9.48,0,9.48
div_0233_irrigation,0,99.1,0,99.1,0,99.1
div_0234_irrigation,0,98.9,0,98.9,0,98.9
div_0235_irrigation,0,52.5,0,52.5,0,52.5
div_0236_irrigation,0,50.1,0,50.1,0,50.1
div_0237_irrigation,0,10.5,0,10.5,0,10.5
div_0238_irrigation,0,16.6,0,16.6,0,16.6
div_0239_irrigation,0,23,0,23,0,23
div_0240_irrigation,0,21.1,0,21.1,0,21.1
div_0241_irrigation,0,23.9,0,23.9,0,23.9
div_0242_irrigation,0,8,0,8,0,8
div_0243_irrigation,0,51.6,0,51.6,0,51.6
div_0244_irrigation,0,20.3,0,20.3,0,20.3
div_0245_irrigation,0,11,0,11,0,11
div_0246_irrigation,0,34.42,0,34.42,0,34.42
div_0247_irrigation,0,57,0,52,0,52
div_0248_irrigation,0,33.3,0,33.3,0,33.3
div_0249_irrigation,0,68.1,0,68.1,0,68.1
div_0250_irrigation,0,10.6,0,10.6,0,10.6
div_0251_irrigation,0,70,0,70,0,70
div_0252_irrigation,0,20,0,20,0,20
div_0253_irrigation,0,30,0,30,0,30
div_0254_irrigation,0,16,0,16,0,16
div_0255_irrigation,0,10,0,10,0,10
div_0256_irrigation,0,75.1,0,75.1,0,75.1
div_0257_irrigation,0,30.1,0,30.1,0,30.1
div_0258_irrigation,0,18,0,18,0,18
div_0259_irrigation,0,8.2,0,8.2,0,8.2
div_0260_industrial,0,10.1,0,10.1,0,10.1
div_0261_irrigation,0,3.5,0,3.5,0,3.5
div_0262_irrigation,0,13.5,0,13.5,0,13.5
div_0263_irrigation,0,30,0,30,0,30
div_0264_irrigation,0,49.9,0,33,0,33
div_0265_irrigation,0,20.25,0,20.25,0,20.25
div_0266_irrigation,0,35.5,0,35.5,0,35.5
div_0267_irrigation,0,10,0,10,0,10
div_0268_irrigation,0,148.54,0,148.54,0,148.54
div_0269_irrigation,0,10,0,10,0,10
div_0270_irrigation,0,59.5,0,59.5,0,59.5
div_0271_irrigation,0,2.25,0,2.25,0,2.25
div_0272_irrigation,0,17.06,0,17.06,0,17.06
div_0273_irrigation,0,48.61,0,48.61,0,48.61
div_0274_irrigation,0,37,0,37,0,37
div_0275_irrigation,0,21.5,0,21.5,0,21.5
div_0276_irrigation,0,14.4,0,14.4,0,14.4
div_0277_irrigation,0,69.9,0,69.9,0,69.9
div_0278_irrigation,0,14,0,14,0,14
div_0279_irrigation,0,15,0,15,0,15
div_0280_irrigation,0,25.4,0,25.4,0,25.4
div_0281_irrigation,0,36.6,0,36.6,0,36.6
div_0282_irrigation,0,12.63,0,12.63,0,12.63
div_0283_irrigation,0,24,0,24,0,24
div_0284_irrigation,0,30,0,15,0,15
div_0285_irrigation,0,93.6,0,93.6,0,93.6
div_0286_interbasin,0,614.46,0,548.5,0,548.5
div_0287_irrigation,0,26.87,0,26.87,0,26.87
div_0288_irrigation,0,30.18,0,30.18,0,30.18
div_0289_irrigation,0,8,0,8,0,8
div_0290_irrigation,0,4,0,4,0,4
div_0291_irrigation,0,35.3,0,20.78,0,20.78
div_0292_irrigation,0,11.3,0,11.3,0,11.3
div_0293_irrigation,0,15,0,15,0,15
div_0294_irrigation,0,25,0,25,0,25
div_0295_irrigation,0,17.1,0,17.1,0,17.1
div_0296_irrigation,0,12,0,12,0,12
div_0297_irrigation,0,10,0,10,0,10
div_0298_irrigation,0,15.8,0,15.8,0,15.8
div_0299_irrigation,0,30.3,0,30.3,0,30.3
div_0300_irrigation,0,11,0,11,0,11
div_0301_irrigation,0,18,0,18,0,18
div_0302_irrigation,0,18,0,18,0,18
div_0303_irrigation,0,21.2,0,21.2,0,21.2
div_0304_irrigation,0,22.96,0,22.96,0,22.96
div_0305_irrigation,0,28.3,0,28.3,0,28.3
div_0306_irrigation,0,59.6,0,43.32,0,43.32
div_0307_irrigation,0,34.3,0,34.3,0,34.3
div_0308_interbasin,0,632,0,632,0,632
div_0309_irrigation,0,40,0,35,0,35
div_0310_irrigation,0,19.04,0,19.04,0,19.04
div_0311_irrigation,0,565,0,565,0,565
div_0312_irrigation,0,18,0,18,0,18
div_0313_interbasin,0,120,0,120,0,120
div_0314_irrigation,0,33.08,0,30.34,0,30.34
div_0315_irrigation,0,17,0,17,0,17
div_0316_irrigation,0,47.5,0,47.5,0,47.5
div_0317_irrigation,0,18.1,0,18.1,0,18.1
div_0318_irrigation,0,24.05,0,24.05,0,24.05
div_0319_irrigation,0,7.51,0,7.51,0,7.51
div_0320_irrigation,0,33.1,0,29.09,0,29.09
div_0321_irrigation,0,33.1,0,33.1,0,33.1
div_0322_irrigation,0,19.4,0,19.4,0,19.4
div_0323_irrigation,0,46.43,0,46.43,0,46.43
div_0324_irrigation,0,16.8,0,16.8,0,16.8
div_0325_irrigation,0,33.7,0,33.7,0,33.7
div_0326_irrigation,0,97.8,0,97.8,0,97.8
div_0327_irrigation,0,38,0,38,0,38
div_0328_irrigation,0,26,0,26,0,26
div_0329_irrigation,0,72,0,72,0,72
div_0330_irrigation,0,43.2,0,24.6,0,24.6
div_0331_irrigation,0,42.6,0,42.6,0,42.6
div_0332_irrigation,0,73.62,0,27.2,0,27.2
div_0333_irrigation,0,34,0,25,0,25
div_0334_irrigation,0,40.26,0,24.76,0,24.76
div_0335_irrigation,0,17.43,0,17.43,0,17.43
div_0336_irrigation,0,16,0,16,0,16
div_0337_irrigation,0,18,0,18,0,18
div_0338_irrigation,0,30.31,0,30.31,0,30.31
div_0339_irrigation,0,14.5,0,14.5,0,14.5
div_0340_irrigation,0,32.8,0,32.8,0,32.8
div_0341_irrigation,0,28,0,28,0,28
div_0342_irrigation,0,114,0,114,0,114
div_0343_irrigation,0,15.7,0,15.7,0,15.7
div_0344_irrigation,0,35.25,0,35.25,0,35.25
div_0345_irrigation,0,95.1,0,95.1,0,95.1
div_0346_irrigation,0,78.4,0,78.4,0,78.4
div_0347_irrigation,0,30.87,0,30.87,0,30.87
div_0348_irrigation,0,14,0,14,0,14
div_0349_irrigation,0,64.9,0,50,0,50
div_0350_irrigation,0,15,0,15,0,15
div_0351_irrigation,0,66.3,0,66.3,0,66.3
div_0352_irrigation,0,10,0,10,0,10
div_0353_irrigation,0,21,0,21,0,21
div_0354_irrigation,0,15,0,15,0,15
div_0355_intrabasin,0,490,0,490,0,490
div_0356_intrabasin,0,28.78,0,28.78,0,28.78
div_0357_irrigation,0,17,0,17,0,17
div_0358_irrigation,0,16,0,16,0,16
div_0359_irrigation,0,105,0,105,0,105
div_0360_irrigation,0,15.5,0,15.5,0,15.5
div_0361_irrigation,0,34.98,0,34.98,0,34.98
div_0362_irrigation,0,5.53,0,5.53,0,5.53
div_0363_irrigation,0,42.84,0,42.84,0,42.84
div_0364_irrigation,0,23.5,0,23.5,0,23.5
div_0365_irrigation,0,120.4,0,120.4,0,120.4
div_0366_irrigation,0,14.69,0,14.69,0,14.69
div_0367_irrigation,0,57.5,0,50,0,50
div_0368_irrigation,0,7,0,7,0,7
div_0369_irrigation,0,95,0,75.02,0,75.02
div_0370_irrigation,0,45,0,45,0,45
div_0371_irrigation,0,71.8,0,71.8,0,71.8
div_0372_irrigation,0,14.9,0,14.9,0,14.9
div_0373_irrigation,0,8,0,8,0,8
div_0374_irrigation,0,25.1,0,25.1,0,25.1
div_0375_irrigation,0,12,0,12,0,12
div_0376_irrigation,0,17,0,17,0,17
div_0377_irrigation,0,741,0,310,0,310
div_0378_irrigation,0,35.4,0,22.6,0,22.6
div_0379_irrigation,0,34.1,0,34.1,0,34.1
div_0380_irrigation,0,65.5,0,65.5,0,65.5
div_0381_irrigation,0,13.4,0,13.4,0,13.4
div_0382_irrigation,0,5.75,0,5.75,0,5.75
div_0383_irrigation,0,61.3,0,61.3,0,61.3
div_0384_irrigation,0,34,0,34,0,34
div_0385_irrigation,0,21.22,0,21.22,0,21.22
div_0386_irrigation,0,41.2,0,41.2,0,41.2
div_0387_irrigation,0,329,0,329,0,329
div_0388_irrigation,0,16.8,0,16.8,0,16.8
div_0389_municipal,0,84,0,84,0,84
div_0390_irrigation,0,16,0,16,0,16
div_0391_irrigation,0,42.2,0,42.2,0,42.2
div_0392_irrigation,0,21.21,0,21.21,0,21.21
div_0393_irrigation,0,16.62,0,16.62,0,16.62
div_0394_irrigation,0,24.1,0,24.1,0,24.1
div_0395_irrigation,0,10.6,0,10.6,0,10.6
div_0396_irrigation,0,11,0,11,0,11
div_0397_irrigation,0,10.78,0,10.78,0,10.78
div_0398_irrigation,0,24,0,24,0,24
div_0399_irrigation,0,11,0,11,0,11
div_0400_irrigation,0,80.2,0,60.1,0,60.1
div_0401_irrigation,0,13.48,0,13.48,0,13.48
div_0402_irrigation,0,10.07,0,10.07,0,10.07
div_0403_irrigation,0,70.2,0,70.2,0,70.2
div_0404_irrigation,0,51.59,0,42.2,0,42.2
div_0405_irrigation,0,47.8,0,30.34,0,30.34
div_0406_irrigation,0,5,0,5,0,5
div_0407_irrigation,0,10,0,10,0,10
div_0408_irrigation,0,39.38,0,39.38,0,39.38
div_0409_irrigation,0,51.3,0,34,0,34
div_0410_irrigation,0,18,0,18,0,18
div_0411_irrigation,0,12,0,12,0,12
div_0412_irrigation,0,10,0,10,0,10
div_0413_irrigation,0,11.6,0,11.6,0,11.6
div_0414_irrigation,0,30,0,30,0,30
div_0415_irrigation,0,18.5,0,18.5,0,18.5
div_0416_irrigation,0,86,0,16.81,0,16.81
div_0417_irrigation,0,37.5,0,37.5,0,37.5
div_0418_irrigation,0,28,0,28,0,28
div_0419_irrigation,0,69,0,69,0,69
div_0420_irrigation,0,12,0,12,0,12
div_0421_irrigation,0,15,0,15,0,15
div_0422_irrigation,0,16.26,0,16.26,0,16.26
div_0423_irrigation,0,21,0,21,0,21
div_0424_irrigation,0,13,0,13,0,13
div_0425_irrigation,0,110.1,0,27.62,0,27.62
div_0426_irrigation,0,78.4,0,78.4,0,78.4
div_0427_municipal,0,13.3,0,13.3,0,13.3
div_0428_irrigation,0,10,0,10,0,10
div_0429_irrigation,0,30.5,0,30.5,0,30.5
div_0430_municipal,0,48.09,0,19.2,0,19.2
div_0431_irrigation,0,14,0,14,0,14
div_0432_irrigation,0,19.9,0,19.9,0,19.9
div_0433_irrigation,0,100.5,0,54,0,54
div_0434_irrigation,0,12,0,12,0,12
div_0435_irrigation,0,70.2,0,70.2,0,70.2
div_0436_interbasin,0,868,0,868,0,868
div_0437_hydropower,0,59.7,0,59.7,0,59.7
div_0438_irrigation,0,10.9,0,10.9,0,10.9
div_0439_irrigation,0,14.9,0,14.9,0,14.9
div_0440_irrigation,0,35.53,0,35.53,0,35.53
div_0441_irrigation,0,722,0,722,0,722
div_0442_irrigation,0,37.21,0,37.21,0,37.21
div_0443_irrigation,0,35.06,0,35.06,0,35.06
div_0444_irrigation,0,17.42,0,17.42,0,17.42
div_0445_irrigation,0,33.17,0,33.17,0,33.17
div_0446_irrigation,0,16.6,0,16.6,0,16.6
div_0447_intrabasin,0,180,0,12.6,0,12.6
div_0448_irrigation,0,25,0,25,0,25
div_0449_irrigation,0,146.95,0,110,0,110
div_0450_irrigation,0,68.92,0,68.92,0,68.92
div_0451_irrigation,0,20.3,0,20.3,0,20.3
div_0452_irrigation,0,50.5,0,41.6,0,41.6
div_0453_irrigation,0,1299.069,0,565,0,565
div_0454_irrigation,0,27.2,0,27.2,0,27.2
div_0455_irrigation,0,24,0,24,0,24
div_0456_irrigation,0,68,0,68,0,68
div_0457_irrigation,0,7.42,0,7.42,0,7.42
div_0458_irrigation,0,39.2,0,39.2,0,39.2
div_0459_irrigation,0,12.7,0,12.7,0,12.7
div_0460_irrigation,0,24,0,24,0,24
div_0461_irrigation,0,72.25,0,72.25,0,72.25
div_0462_irrigation,0,1560,0,36.85,0,36.85
div_0463_irrigation,0,19,0,19,0,19
div_0464_irrigation,0,5.5,0,5.5,0,5.5
div_0465_industrial,0.45,3.1,0.45,3.1,0,3.1
div_0466_irrigation,0,13,0,13,0,13
div_0467_irrigation,0,12,0,12,0,12
div_0468_irrigation,0,20,0,20,0,20
div_0469_irrigation,0,15.95,0,15.95,0,15.95
div_0470_irrigation,0,22.5,0,22.5,0,22.5
div_0471_irrigation,0,25,0,25,0,25
div_0472_irrigation,0,30.3,0,30.3,0,30.3
div_0473_irrigation,0,50,0,30.3,0,30.3
div_0474_irrigation,0,28.57,0,28.57,0,28.57
div_0475_irrigation,0,109,0,109,0,109
div_0476_irrigation,0,95,0,95,0,95
div_0477_irrigation,0,20,0,20,0,20
div_0478_irrigation,0,47.77,0,47.77,0,47.77
div_0479_intrabasin,0,25.9,0,25.9,0,25.9
div_0480_irrigation,0,22.75,0,22.75,0,22.75
div_0481_irrigation,0,9,0,9,0,9
div_0482_irrigation,0,12.3,0,12.3,0,12.3
div_0483_irrigation,0,31.7,0,31.7,0,31.7
div_0484_irrigation,0,30.3,0,30.3,0,30.3
div_0485_irrigation,0,31.5,0,31.5,0,31.5
div_0486_irrigation,0,14,0,14,0,14
div_0487_irrigation,0,12,0,12,0,12
div_0488_intrabasin,0,100,0,100,0,100
div_0489_irrigation,0,35.5,0,35.5,0,35.5
div_0490_irrigation,0,22.989,0,22.989,0,22.989
div_0491_irrigation,0,11.3,0,11.3,0,11.3
div_0492_irrigation,0,6.11,0,6.11,0,6.11
div_0493_irrigation,0,12,0,12,0,12
div_0494_irrigation,0,20,0,20,0,20
div_0495_irrigation,0,42,0,42,0,42
div_0496_irrigation,0,15,0,15,0,15
div_0497_irrigation,0,14,0,14,0,14
div_0498_irrigation,0,15.8,0,15.8,0,15.8
div_0499_irrigation,0,218.0974,0,205.5,0,205.5
div_0500_irrigation,0,20,0,20,0,20
div_0501_irrigation,0,43.5,0,43.5,0,43.5
div_0502_irrigation,0,3,0,3,0,3
div_0503_irrigation,0,13.9,0,13.9,0,13.9
div_0504_irrigation,0,51.45,0,51.45,0,51.45
div_0505_irrigation,0,22.2,0,22.2,0,22.2
div_0506_irrigation,0,33.1,0,33.1,0,33.1
div_0507_irrigation,0,7.1,0,7.1,0,7.1
div_0508_irrigation,0,38.06,0,30.1,0,30.1
div_0509_irrigation,0,18,0,18,0,18
div_0510_irrigation,0,12,0,12,0,12
div_0511_irrigation,0,28.99,0,28.99,0,28.99
div_0512_irrigation,0,84.9,0,78.2,0,78.2
div_0513_irrigation,0,30.8,0,30.8,0,30.8
div_0514_irrigation,0,17,0,17,0,17
div_0515_irrigation,0,17.37,0,17.37,0,17.37
div_0516_irrigation,0,75.31,0,34.78,0,34.78
div_0517_irrigation,0,18.55,0,18.55,0,18.55
div_0518_irrigation,0,12.9,0,12.9,0,12.9
div_0519_irrigation,0,28,0,28,0,28
div_0520_irrigation,0,64,0,64,0,64
div_0521_irrigation,0,30.13,0,30.13,0,30.13
div_0522_irrigation,0,10.6,0,10.6,0,10.6
div_0523_irrigation,0,10,0,10,0,10
div_0524_irrigation,0,29,0,29,0,29
div_0525_irrigation,0,19.9,0,19.9,0,19.9
div_0526_irrigation,0,27.15,0,27.15,0,27.15
div_0527_irrigation,0,16.6,0,16.6,0,16.6
div_0528_municipal,0,17.68,0,17.68,0,17.68
div_0529_irrigation,0,12.45,0,12.45,0,12.45
div_0530_irrigation,0,495,0,20.3,0,20.3
div_0531_irrigation,0,7.7,0,7.7,0,7.7
div_0532_irrigation,0,26.51,0,26.51,0,26.51
div_0533_irrigation,0,22.6,0,22.6,0,22.6
div_0534_irrigation,0,7.8,0,7.8,0,7.8
div_0535_irrigation,0,152,0,152,0,152
div_0536_irrigation,0,37.3,0,37.3,0,37.3
div_0537_hydropower,0,1090,0,1090,0,1090
div_0538_irrigation,0,19,0,19,0,19
div_0539_irrigation,0,12.01,0,12.01,0,12.01
div_0540_irrigation,0,74.5,0,74.5,0,74.5
div_0541_irrigation,0,42.8,0,42.8,0,42.8
div_0542_irrigation,0,38,0,38,0,38
div_0543_irrigation,0,49.3,0,49.3,0,49.3
div_0544_irrigation,0,22.5,0,22.5,0,22.5
div_0545_irrigation,0,6.76,0,6.76,0,6.76
div_0546_irrigation,0,32.6,0,32.6,0,32.6
div_0547_municipal,0,11.23,0,11.23,0,11.23
div_0548_irrigation,0,80,0,47.8,0,47.8
div_0549_irrigation,0,17.2,0,17.2,0,17.2
div_0550_irrigation,0,34.1,0,34.1,0,34.1
div_0551_irrigation,0,38.3,0,38.3,0,38.3
div_0552_irrigation,0,64.55,0,64.55,0,64.55
div_0553_irrigation,0,11.6,0,11.6,0,11.6
div_0554_irrigation,0,0.5,0,0.5,0,0.5
div_0555_irrigation,0,41.1,0,41.1,0,41.1
div_0556_irrigation,0,12,0,12,0,12
div_0557_irrigation,0,21,0,21,0,21
div_0558_irrigation,0,27,0,27,0,27
div_0559_irrigation,0,38.3,0,38.3,0,38.3
div_0560_irrigation,0,25.79,0,25.79,0,25.79
div_0561_irrigation,0,21.05,0,21.05,0,21.05
div_0562_irrigation,0,15.9,0,15.9,0,15.9
div_0563_irrigation,0,52,0,52,0,52
div_0564_irrigation,0,10,0,10,0,10
div_0565_irrigation,0,67.9,0,67.9,0,67.9
div_0566_irrigation,0,41,0,41,0,41
div_0567_irrigation,0,16,0,16,0,16
div_0568_irrigation,0,12.64,0,12.64,0,12.64
div_0569_irrigation,0,22,0,22,0,22
div_0570_irrigation,0,50,0,9,0,9
div_0571_irrigation,0,22.98,0,22.98,0,22.98
div_0572_irrigation,0,24.14,0,24.14,0,24.14
div_0573_irrigation,0,23.43,0,23.43,0,23.43
div_0574_irrigation,0,17,0,17,0,17
div_0575_irrigation,0,30,0,30,0,30
div_0576_irrigation,0,30,0,30,0,30
div_0577_irrigation,0,377,0,377,0,377
div_0578_irrigation,0,53.4,0,8,0,8
div_0579_irrigation,0,55.4,0,45.1,0,45.1
div_0580_irrigation,0,15,0,15,0,15
div_0581_irrigation,0,14.51,0,14.51,0,14.51
div_0582_irrigation,0,14.2,0,14.2,0,14.2
div_0583_irrigation,0,25.4,0,25.4,0,25.4
div_0584_irrigation,0,10,0,10,0,10
div_0585_irrigation,0,31,0,31,0,31
div_0586_irrigation,0,6.5,0,6.5,0,6.5
div_0587_irrigation,0,12.7,0,12.7,0,12.7
div_0588_irrigation,0,28.4,0,28.4,0,28.4
div_0589_irrigation,0,39.07,0,39.07,0,39.07
div_0590_irrigation,0,33.2,0,22.5,0,22.5
div_0591_irrigation,0,55.5,0,55.5,0,55.5
div_0592_irrigation,0,9.3,0,9.3,0,9.3
div_0593_irrigation,0,45,0,45,0,45
div_0594_irrigation,0,80,0,20.32,0,20.32
div_0595_irrigation,0,15.8,0,15.8,0,15.8
div_0596_irrigation,0,42,0,42,0,42
div_0597_irrigation,0,47.3,0,47.3,0,47.3
div_0598_intrabasin,0,124,0,124,0,124
div_0599_irrigation,0,23.1,0,23.1,0,23.1
div_0600_irrigation,0,37.3,0,37.3,0,37.3
div_0601_irrigation,0,20,0,20,0,20
div_0602_irrigation,0,12.5,0,12.5,0,12.5
div_0603_irrigation,0,48.2,0,48.2,0,48.2
div_0604_irrigation,0,31,0,31,0,31
div_0605_irrigation,0,1421,0,1421,0,1421
div_0606_irrigation,0,32,0,32,0,32
div_0607_irrigation,0,12,0,12,0,12
div_0608_irrigation,0,264,0,13.1,0,13.1
div_0609_irrigation,0,32.8,0,32.8,0,32.8
div_0610_irrigation,0,33.3,0,33.3,0,33.3
div_0611_irrigation,0,778,0,252.44,0,252.44
div_0612_irrigation,0,5.47,0,5.47,0,5.47
div_0613_irrigation,0,51.7,0,51.7,0,51.7
div_0614_irrigation,0,7.76,0,7.76,0,7.76
div_0615_irrigation,0,36.03,0,36.03,0,36.03
div_0616_irrigation,0,83.2,0,73.5,0,73.5
div_0617_irrigation,0,37,0,37,0,37
div_0618_irrigation,0,70.5,0,70.5,0,70.5
div_0619_irrigation,0,15,0,15,0,15
div_0620_irrigation,0,25,0,25,0,25
div_0621_irrigation,0,48.6,0,48.6,0,48.6
div_0622_irrigation,0,19,0,19,0,19
div_0623_irrigation,0,177,0,132,0,132
div_0624_irrigation,0,11.6,0,11.6,0,11.6
div_0625_irrigation,0,78.2,0,78.2,0,78.2
div_0626_irrigation,0,15.4,0,15.4,0,15.4
div_0627_irrigation,0,5.5,0,5.5,0,5.5
div_0628_irrigation,0,75,0,75,0,75
div_0629_irrigation,0,18.9,0,18.9,0,18.9
div_0630_irrigation,0,65,0,40,0,40
div_0631_irrigation,0,51,0,51,0,51
div_0632_irrigation,0,22.9,0,22.9,0,22.9
div_0633_irrigation,0,21.2,0,21.2,0,21.2
div_0634_irrigation,0,52.2,0,46.9,0,46.9
div_0635_irrigation,0,47.7,0,47.7,0,47.7
div_0636_irrigation,0,147.3,0,27.2,0,27.2
div_0637_irrigation,0,16.6,0,16.6,0,16.6
div_0638_irrigation,0,14.3,0,14.3,0,14.3
div_0639_irrigation,0,27.6,0,27.6,0,27.6
div_0640_irrigation,0,14,0,14,0,14
div_0641_irrigation,0,15,0,15,0,15
div_0642_irrigation,0,45.1,0,40,0,40
div_0643_irrigation,0,40,0,40,0,40
div_0644_irrigation,0,20.3,0,20.3,0,20.3
div_0645_intrabasin,0,47.5,0,47.5,0,47.5
div_0646_irrigation,0,17.88,0,17.88,0,17.88
div_0647_irrigation,0,41.3,0,41.3,0,41.3
div_0648_irrigation,0,50,0,50,0,50
div_0649_irrigation,0,13.29,0,13.29,0,13.29
div_0650_irrigation,0,9.6,0,9.6,0,9.6
div_0651_irrigation,0,10,0,10,0,10
div_0652_irrigation,0,19.9,0,19.9,0,19.9
div_0653_irrigation,0,28.04,0,28.04,0,28.04
div_0654_irrigation,0,28,0,28,0,28
div_0655_irrigation,0,11.6,0,11.6,0,11.6
div_0656_irrigation,0,17.33,0,17.33,0,17.33
div_0657_irrigation,0,15.3,0,15.3,0,15.3
div_0658_irrigation,0,10,0,10,0,10
div_0659_irrigation,0,20.77,0,20.77,0,20.77
div_0660_irrigation,0,27,0,27,0,27
div_0661_municipal,0,3473.07,0,69.35,0,69.35
div_0662_municipal,0,44.9,0,44.9,0,44.9
div_0663_irrigation,0,35.5,0,35.5,0,35.5
div_0664_intrabasin,0,59.15,0,59.15,0,59.15
div_0665_irrigation,0,112.1,0,75,0,75
div_0666_irrigation,0,22.4,0,22.4,0,22.4
div_0667_irrigation,0,26.2,0,26.2,0,26.2
div_0668_irrigation,0,12.8,0,12.8,0,12.8
div_0669_irrigation,0,18.4,0,18.4,0,18.4
div_0670_irrigation,0,56.78,0,56.78,0,56.78
div_0671_irrigation,0,53.5,0,53.5,0,53.5
div_0672_irrigation,0,15.5,0,15.5,0,15.5
div_0673_interbasin,0,20.43,0,20.43,0,20.43
div_0674_irrigation,0,21.5,0,21.5,0,21.5
div_0675_irrigation,0,18.32,0,18.32,0,18.32
div_0676_irrigation,0,13.3,0,13.3,0,13.3
div_0677_irrigation,0,42.2,0,42.2,0,42.2
div_0678_irrigation,0,24,0,24,0,24
div_0679_irrigation,0,70,0,30,0,30
div_0680_irrigation,0,18.1,0,18.1,0,18.1
div_0681_irrigation,0,8.5,0,8.5,0,8.5
div_0682_irrigation,0,57.3,0,57.3,0,57.3
div_0683_irrigation,0,21.7,0,21.7,0,21.7
div_0684_irrigation,0,29.9,0,29.9,0,29.9
div_0685_interbasin,0,94,0,94,0,94
div_0686_irrigation,0,25,0,25,0,25
div_0687_irrigation,0,32.1,0,32.1,0,32.1
div_0688_irrigation,0,14,0,14,0,14
div_0689_irrigation,0,16.04,0,16.04,0,16.04
div_0690_irrigation,0,22.6,0,22.6,0,22.6
div_0691_irrigation,0,45.39,0,18.5,0,18.5
div_0692_intrabasin,0,12,0,12,0,12
div_0693_irrigation,0,20.8,0,20.8,0,20.8
div_0694_irrigation,0,17,0,17,0,17
div_0695_irrigation,0,47,0,40.5,0,40.5
div_0696_irrigation,0,34.26,0,34.26,0,34.26
div_0697_irrigation,0,41.4,0,34.9,0,34.9
div_0698_irrigation,0,38.3,0,38.3,0,38.3
div_0699_intrabasin,0,213,0,189,0,189
div_0700_irrigation,0,10,0,10,0,10
div_0701_irrigation,0,12.2,0,12.2,0,12.2
div_0702_irrigation,0,20,0,20,0,20
div_0703_irrigation,0,13.3,0,13.3,0,13.3
div_0704_irrigation,0,18.54,0,18.54,0,18.54
div_0705_irrigation,0,12,0,12,0,12
div_0706_irrigation,0,15.1,0,15.1,0,15.1
div_0707_irrigation,0,23,0,23,0,23
div_0708_irrigation,0,44.1,0,32.27,0,32.27
div_0709_intrabasin,0,614,0,466,0,466
div_0710_irrigation,0,32,0,32,0,32
div_0711_irrigation,0,21,0,21,0,21
div_0712_irrigation,0,39.01,0,30.34,0,30.34
div_0713_irrigation,0,20.33,0,20.33,0,20.33
div_0714_irrigation,0,8,0,8,0,8
div_0715_irrigation,0,20,0,20,0,20
div_0716_irrigation,0,14.1,0,14.1,0,14.1
div_0717_irrigation,0,6.9,0,6.9,0,6.9
div_0718_irrigation,0,10.72,0,10.72,0,10.72
div_0719_irrigation,0,24,0,24,0,24
div_0720_irrigation,0,20.8,0,20.8,0,20.8
div_0721_irrigation,0,12,0,12,0,12
div_0722_irrigation,0,29,0,29,0,29
div_0723_irrigation,0,50,0,35,0,35
div_0724_irrigation,0,20,0,20,0,20
div_0725_irrigation,0,20,0,20,0,20
div_0726_irrigation,0,12.5,0,12.5,0,12.5
div_0727_irrigation,0,10,0,10,0,10
div_0728_irrigation,0,55.7,0,55.7,0,55.7
div_0729_irrigation,0,14.94,0,14.94,0,14.94
div_0730_irrigation,0,25.06,0,25.06,0,25.06
div_0731_irrigation,0,37.6,0,37.6,0,37.6
div_0732_irrigation,0,10,0,10,0,10
div_0733_irrigation,0,8.46,0,8.46,0,8.46
div_0734_irrigation,0,31.18,0,31.18,0,31.18
div_0735_irrigation,0,23.12,0,23.12,0,23.12
div_0736_irrigation,0,5.55,0,5.55,0,5.55
div_0737_municipal,0.32,8,0.32,8,0,8
div_0738_irrigation,0,10.4,0,10.4,0,10.4
div_0739_irrigation,0,15.45,0,15.45,0,15.45
div_0740_irrigation,0,18,0,18,0,18
div_0741_irrigation,0,8.07,0,8.07,0,8.07
div_0742_irrigation,0,48.24,0,48.24,0,48.24
div_0743_irrigation,0,20,0,20,0,20
div_0744_irrigation,0,22.47,0,22.47,0,22.47
div_0745_irrigation,0,20,0,20,0,20
div_0746_irrigation,0,10,0,10,0,10
div_0747_irrigation,0,34.02,0,33,0,33
div_0748_intrabasin,0,24,0,24,0,24
div_0749_irrigation,0,45,0,45,0,45
div_0750_industrial,0.05,11.97,0.05,11.97,0,11.97
div_0751_irrigation,0,18,0,18,0,18
div_0752_industrial,0,82.045,0,48.922,0,48.922
div_0753_irrigation,0,8.032,0,8.032,0,8.032
div_0754_irrigation,0,26,0,26,0,26
div_0755_irrigation,0,25,0,25,0,25
div_0756_irrigation,0,12.1569,0,12.1569,0,12.1569
div_0757_irrigation,0,64.43,0,64.43,0,64.43
div_0758_irrigation,0,30,0,30,0,30
div_0759_irrigation,0,6,0,6,0,6
div_0760_irrigation,0,68.1,0,58,0,58
div_0761_irrigation,0,34.17,0,34.17,0,34.17
div_0762_irrigation,0,17,0,17,0,17
div_0763_irrigation,0,12.6,0,12.6,0,12.6
div_0764_irrigation,0,20,0,20,0,20
div_0765_irrigation,0,10,0,10,0,10
div_0766_irrigation,0,18.5,0,18.5,0,18.5
div_0767_irrigation,0,12,0,12,0,12
div_0768_irrigation,0,7.18,0,7.18,0,7.18
div_0769_irrigation,0,20,0,20,0,20
div_0770_irrigation,0,8,0,8,0,8
div_0771_irrigation,0,10,0,10,0,10
div_0772_irrigation,0,26.3,0,26.3,0,26.3
div_0773_irrigation,0,40,0,40,0,40
div_0774_irrigation,0,19,0,19,0,19
div_0775_irrigation,0,15.11,0,15.11,0,15.11
div_0776_irrigation,0,20,0,20,0,20
div_0777_irrigation,0,44.1,0,44.1,0,44.1
div_0778_irrigation,0,20.8,0,20.8,0,20.8
div_0779_irrigation,0,10,0,10,0,10
div_0780_irrigation,0,35.26,0,35.26,0,35.26
div_0781_irrigation,0,16.75,0,16.75,0,16.75
div_0782_irrigation,0,12,0,12,0,12
div_0783_irrigation,0,16.9,0,16.9,0,16.9
div_0784_irrigation,0,5,0,5,0,5
div_0785_municipal,0,8.6833,0,8.6833,0,8.6833
div_0786_irrigation,0,20.78,0,20.78,0,20.78
div_0787_irrigation,0,12,0,12,0,12
div_0788_irrigation,0,26.5,0,26.5,0,26.5
div_0789_irrigation,0,16,0,16,0,16
div_0790_irrigation,0,15.96,0,15.96,0,15.96
div_0791_irrigation,0,340.6,0,80,0,80
div_0792_irrigation,0,26.29,0,26.29,0,26.29
div_0793_irrigation,0,17.15,0,17.15,0,17.15
div_0794_irrigation,0,16.81,0,16.81,0,16.81
div_0795_irrigation,0,16.15,0,16.15,0,16.15
div_0796_irrigation,0,20,0,20,0,20
div_0797_irrigation,0,36.96,0,36.96,0,36.96
div_0798_irrigation,0,40,0,40,0,40
div_0799_irrigation,0,23,0,23,0,23
div_0800_irrigation,0,12,0,12,0,12
div_0801_irrigation,0,12,0,12,0,12
div_0802_irrigation,0,25.39,0,25.39,0,25.39
div_0803_irrigation,0,276,0,276,0,276
div_0804_irrigation,0,18.1,0,18.1,0,18.1
div_0805_irrigation,0,20,0,20,0,20
div_0806_irrigation,0,12,0,12,0,12
div_0807_irrigation,0,11.99,0,11.99,0,11.99
div_0808_irrigation,0,5,0,5,0,5
div_0809_irrigation,0,16,0,16,0,16
div_0810_irrigation,0,8,0,8,0,8
div_0811_irrigation,0,15.53,0,15.53,0,15.53
div_0812_irrigation,0,25.1,0,25.1,0,25.1
div_0813_irrigation,0,26.1,0,26.1,0,26.1
div_0814_irrigation,0,23.42,0,23.42,0,23.42
div_0815_irrigation,0,44.05,0,44.05,0,44.05
div_0816_irrigation,0,8,0,8,0,8
div_0817_irrigation,0,13.29,0,13.29,0,13.29
div_0818_irrigation,0,20,0,20,0,20
div_0819_irrigation,0,12,0,12,0,12
div_0820_irrigation,0,40.3,0,40.3,0,40.3
div_0821_irrigation,0,33.1,0,33.1,0,33.1
div_0822_irrigation,0,30,0,30,0,30
div_0823_irrigation,0,13.3679,0,13.3679,0,13.3679
div_0824_irrigation,0,10,0,10,0,10
div_0825_irrigation,0,18.8136,0,18.8136,0,18.8136
div_0826_irrigation,0,20,0,20,0,20
div_0827_irrigation,0,20.93,0,20.93,0,20.93
div_0828_irrigation,0,8.36,0,8.36,0,8.36
div_0829_irrigation,0,12.6,0,12.6,0,12.6
div_0830_irrigation,0,15,0,15,0,15
div_0831_irrigation,0,30,0,30,0,30
div_0832_irrigation,0,14,0,14,0,14
div_0833_irrigation,0,29.46,0,29.46,0,29.46
div_0834_irrigation,0,25,0,25,0,25
div_0835_irrigation,0,11,0,11,0,11
div_0836_irrigation,0,15,0,15,0,15
div_0837_irrigation,0,13.37,0,13.37,0,13.37
div_0838_irrigation,0,12.43,0,12.43,0,12.43
div_0839_irrigation,0,9.14,0,9.14,0,9.14
div_0840_irrigation,0,14.54,0,14.54,0,14.54
div_0841_irrigation,0,18,0,18,0,18
div_0842_irrigation,0,18,0,18,0,18
div_0843_irrigation,0,9,0,9,0,9
div_0844_irrigation,0,41.1,0,41.1,0,41.1
div_0845_irrigation,0,35,0,35,0,35
div_0846_irrigation,0,38.1,0,38.1,0,38.1
div_0847_irrigation,0,85,0,40,0,40
div_0848_irrigation,0,15,0,15,0,15
div_0849_irrigation,0,10,0,10,0,10
div_0850_irrigation,0,104.84,0,104.84,0,104.84
div_0851_irrigation,0,12,0,12,0,12
div_0852_irrigation,0,20,0,20,0,20
div_0853_irrigation,0,20,0,20,0,20
div_0854_irrigation,0,15,0,15,0,15
div_0855_irrigation,0,46.43,0,34.5,0,34.5
div_0856_irrigation,0,28,0,28,0,28
div_0857_irrigation,0,1.8,0,1.8,0,1.8
div_0858_municipal,0,2.3,0,2.3,0,2.3
div_0859_irrigation,0,10,0,10,0,10
div_0860_irrigation,0,8,0,8,0,8
div_0861_irrigation,0,26.99,0,26.99,0,26.99
div_0862_irrigation,0,9.52,0,9.52,0,9.52
div_0863_irrigation,0,10.33,0,10.33,0,10.33
div_0864_irrigation,0,141.44,0,141.44,0,141.44
div_0865_irrigation,0,15,0,15,0,15
div_0866_irrigation,0,13.467,0,13.467,0,13.467
div_0867_irrigation,0,18.75,0,18.75,0,18.75
div_0868_irrigation,0,7.39,0,7.39,0,7.39
div_0869_irrigation,0,16.36,0,16.36,0,16.36
div_0870_irrigation,0,31,0,31,0,31
div_0871_irrigation,0,10,0,10,0,10
div_0872_irrigation,0,114,0,114,0,114
div_0873_irrigation,0,13.46,0,13.46,0,13.46
div_0874_irrigation,0,8,0,8,0,8
div_0875_irrigation,0,48.61,0,30.33,0,30.33
div_0876_irrigation,0,9.0133,0,9.0133,0,9.0133
div_0877_irrigation,0,7.72,0,7.72,0,7.72
div_0878_irrigation,0,125,0,125,0,125
div_0879_irrigation,0,15.61,0,15.61,0,15.61
div_0880_irrigation,0,70,0,70,0,70
div_0881_irrigation,0,21.36,0,21.36,0,21.36
div_0882_irrigation,0,10,0,10,0,10
div_0883_irrigation,0,10.7,0,10.7,0,10.7
div_0884_irrigation,0,15,0,15,0,15
div_0885_irrigation,0,10.204,0,10.204,0,10.204
div_0886_irrigation,0,16,0,16,0,16
div_0887_irrigation,0,26.5,0,26.5,0,26.5
div_0888_irrigation,0,34,0,34,0,34
div_0889_irrigation,0,20,0,20,0,20
div_0890_irrigation,0,30,0,30,0,30
div_0891_irrigation,0,20,0,20,0,20
div_0892_irrigation,0,10,0,10,0,10
div_0893_irrigation,0,40,0,20,0,20
div_0894_irrigation,0,12.41,0,12.41,0,12.41
div_0895_irrigation,0,17,0,17,0,17
div_0896_irrigation,0,118,0,118,0,118
div_0897_irrigation,0,5.67,0,5.67,0,5.67
div_0898_irrigation,0,17.5,0,17.5,0,17.5
div_0899_irrigation,0,14,0,14,0,14
div_0900_municipal,0.75,4,0.75,4,0,4
div_0901_irrigation,0,10,0,10,0,10
div_0902_intrabasin,0,22.4,0,22.4,0,22.4
div_0903_irrigation,0,12,0,12,0,12
div_0904_irrigation,0,12,0,12,0,12
div_0905_irrigation,0,5,0,5,0,5
div_0906_irrigation,0,13.29,0,13.29,0,13.29
div_0907_irrigation,0,10.17,0,10.17,0,10.17
div_0908_irrigation,0,12,0,12,0,12
div_0909_irrigation,0,12,0,12,0,12
div_0910_irrigation,0,12.75,0,12.75,0,12.75
div_0911_irrigation,0,8.5,0,8.5,0,8.5
div_0912_intrabasin,0,46,0,30,0,30
div_0913_irrigation,0,8,0,8,0,8
div_0914_irrigation,0,80,0,61.388,0,61.388
div_0915_irrigation,0,10.61,0,10.61,0,10.61
div_0916_irrigation,0,14,0,14,0,14
div_0917_irrigation,0,15.97,0,15.97,0,15.97
div_0918_irrigation,0,35,0,30,0,30
div_0919_irrigation,0,12,0,12,0,12
div_0920_irrigation,0,15,0,15,0,15
div_0921_irrigation,0,30.13,0,30.13,0,30.13
div_0922_irrigation,0,16.6,0,16.6,0,16.6
div_0923_irrigation,0,15,0,15,0,15
div_0924_irrigation,0,13.48,0,13.48,0,13.48
div_0925_irrigation,0,7,0,7,0,7
div_0926_irrigation,0,57,0,57,0,57
div_0927_irrigation,0,30,0,30,0,30
div_0928_irrigation,0,12,0,12,0,12
div_0929_irrigation,0,31.79,0,31.79,0,31.79
div_0930_irrigation,0,207,0,20,0,20
div_0931_irrigation,0,67.886,0,67.886,0,67.886
div_0932_irrigation,0,10,0,10,0,10
div_0933_irrigation,0,10.43,0,10.43,0,10.43
div_0934_irrigation,0,13.5,0,13.5,0,13.5
div_0935_irrigation,0,60.33,0,50.22,0,50.22
div_0936_irrigation,0,22.65,0,22.65,0,22.65
div_0937_irrigation,0,10,0,10,0,10
div_0938_irrigation,0,22,0,22,0,22
div_0939_irrigation,0,14.07,0,14.07,0,14.07
div_0940_irrigation,0,17.233,0,17.233,0,17.233
div_0941_irrigation,0,84.27,0,84.27,0,84.27
div_0942_irrigation,0,10,0,10,0,10
div_0943_irrigation,0,17.67,0,17.67,0,17.67
div_0944_irrigation,0,28.06,0,28.06,0,28.06
div_0945_irrigation,0,14.5,0,14.5,0,14.5
div_0946_irrigation,0,18,0,18,0,18
div_0947_irrigation,0,25,0,25,0,25
div_0948_irrigation,0,11,0,11,0,11
div_0949_irrigation,0,55.653,0,55.653,0,55.653
div_0950_irrigation,0,90.58,0,90.58,0,90.58
div_0951_irrigation,0,7,0,7,0,7
div_0952_irrigation,0,8,0,8,0,8
div_0953_irrigation,0,20,0,20,0,20
div_0954_irrigation,0,8,0,8,0,8
div_0955_irrigation,0,10,0,10,0,10
div_0956_irrigation,0,4,0,4,0,4
div_0957_irrigation,0,34.151,0,34.151,0,34.151
div_0958_irrigation,0,30,0,14,0,14
div_0959_irrigation,0,33.6,0,33.6,0,33.6
div_0960_irrigation,0,18.1,0,18.1,0,18.1
div_0961_irrigation,0,35.53,0,35.53,0,35.53
div_0962_irrigation,0,11.1,0,11.1,0,11.1
div_0963_irrigation,0,11.9,0,11.9,0,11.9
div_0964_irrigation,0,25,0,25,0,25
div_0965_irrigation,0,12,0,12,0,12
div_0966_irrigation,0,37.26,0,37.26,0,37.26
div_0967_irrigation,0,12.43,0,12.43,0,12.43
div_0968_irrigation,0,7,0,7,0,7
div_0969_irrigation,0,29,0,29,0,29
div_0970_irrigation,0,8,0,8,0,8
div_0971_irrigation,0,21.7,0,21.7,0,21.7
div_0972_irrigation,0,23.4,0,23.4,0,23.4
div_0973_irrigation,0,104,0,104,0,104
div_0974_irrigation,0,61.8,0,61.8,0,61.8
div_0975_irrigation,0,18.9,0,18.9,0,18.9
div_0976_irrigation,0,17.55,0,17.55,0,17.55
div_0977_irrigation,0,32.5,0,32.5,0,32.5
div_0978_irrigation,0,12.2,0,12.2,0,12.2
div_0979_irrigation,0,16.6,0,16.6,0,16.6
div_0980_irrigation,0,11.3,0,11.3,0,11.3
div_0981_irrigation,0,14.23,0,14.23,0,14.23
div_0982_irrigation,0,48,0,48,0,48
div_0983_irrigation,0,16.9,0,16.9,0,16.9
div_0984_irrigation,0,6.11,0,6.11,0,6.11
div_0985_irrigation,0,9.3,0,9.3,0,9.3
div_0986_irrigation,0,11.5,0,11.5,0,11.5
div_0987_irrigation,0,23.9,0,23.9,0,23.9
div_0988_irrigation,0,48,0,28,0,28
div_0989_irrigation,0,8,0,8,0,8
div_0990_irrigation,0,7.2,0,7.2,0,7.2
div_0991_irrigation,0,13,0,13,0,13
div_0992_hydropower,0,400,0,400,0,400
div_0993_irrigation,0,26.7,0,26.7,0,26.7
div_0994_irrigation,0,36.38,0,36.38,0,36.38
div_0995_irrigation,0,12.4,0,12.4,0,12.4
div_0996_irrigation,0,13.05,0,13.05,0,13.05
div_0997_irrigation,0,17.4,0,17.4,0,17.4
div_0998_irrigation,0,16,0,16,0,16
div_0999_irrigation,0,17,0,17,0,17
div_1000_irrigation,0,9,0,9,0,9
div_1001_irrigation,0,8.12,0,8.12,0,8.12
div_1002_irrigation,0,86,0,86,0,86
div_1003_irrigation,0,67.4,0,67.4,0,67.4
div_1004_municipal,0,13.4,0,13.4,0,13.4
div_1005_intrabasin,0,287.2,0,287.2,0,287.2
div_1006_irrigation,0,18.4,0,18.4,0,18.4
div_1007_irrigation,0,33.3,0,33.3,0,33.3
div_1008_irrigation,0,21.6,0,21.6,0,21.6
div_1009_irrigation,0,47.8,0,47.8,0,47.8
div_1010_irrigation,0,35.3,0,35.3,0,35.3
div_1011_irrigation,0,18.8,0,18.8,0,18.8
div_1012_irrigation,0,37.3,0,37.3,0,37.3
div_1013_irrigation,0,6.5,0,6.5,0,6.5
div_1014_irrigation,0,40.4,0,18.87,0,18.87
div_1015_municipal,0,2.98,0,2.98,0,2.98
div_1016_irrigation,0,13,0,13,0,13
div_1017_irrigation,0,18.8,0,18.8,0,18.8
div_1018_irrigation,0,11,0,11,0,11
div_1019_irrigation,0,203,0,203,0,203
div_1020_irrigation,0,38.3,0,38.3,0,38.3
div_1021_irrigation,0,12,0,12,0,12
div_1022_irrigation,0,85,0,85,0,85
div_1023_irrigation,0,6,0,6,0,6
div_1024_irrigation,0,16.9,0,16.9,0,16.9
div_1025_irrigation,0,16.1,0,16.1,0,16.1
div_1026_irrigation,0,98,0,26,0,26
div_1027_irrigation,0,15.2,0,15.2,0,15.2
div_1028_irrigation,0,21,0,21,0,21
div_1029_irrigation,0,19.4,0,19.4,0,19.4
div_1030_irrigation,0,24.67,0,24.67,0,24.67
div_1031_irrigation,0,8,0,8,0,8
div_1032_irrigation,0,12.9,0,12.9,0,12.9
div_1033_irrigation,0,7.95,0,7.95,0,7.95
div_1034_irrigation,0,25.1,0,25.1,0,25.1
div_1035_irrigation,0,410,0,222,0,222
div_1036_irrigation,0,14.4,0,14.4,0,14.4
div_1037_irrigation,0,33,0,33,0,33
div_1038_irrigation,0,758.6,0,188.2,0,188.2
div_1039_irrigation,0,22.6,0,22.6,0,22.6
div_1040_irrigation,0,31.7,0,31.7,0,31.7
div_1041_irrigation,0,40,0,40,0,40
div_1042_irrigation,0,60,0,7.5,0,7.5
div_1043_irrigation,0,19.9,0,19.9,0,19.9
div_1044_irrigation,0,16.8,0,16.8,0,16.8
div_1045_irrigation,0,15,0,15,0,15
div_1046_irrigation,0,8.67,0,8.67,0,8.67
div_1047_irrigation,0,35.8,0,35.8,0,35.8
div_1048_irrigation,0,11.94,0,11.94,0,11.94
div_1049_irrigation,0,8.19,0,8.19,0,8.19
div_1050_irrigation,0,16.9,0,16.9,0,16.9
div_1051_intrabasin,0,9.2444,0,9.2444,0,9.2444
div_1052_irrigation,0,640,0,496,0,496
div_1053_irrigation,0,23.4,0,23.4,0,23.4
div_1054_irrigation,0,23.4,0,23.4,0,23.4
div_1055_irrigation,0,42.9,0,30,0,30
div_1056_irrigation,0,82.2,0,82.2,0,82.2
div_1057_irrigation,0,30.14,0,30.14,0,30.14
div_1058_interbasin,0,16,0,16,0,16
div_1059_irrigation,0,19.6,0,19.6,0,19.6
div_1060_irrigation,0,18,0,18,0,18
div_1061_irrigation,0,46.02,0,28.54,0,28.54
div_1062_irrigation,0,58,0,8.12,0,8.12
div_1063_hydropower,0,290,0,196.2,0,196.2
div_1064_irrigation,0,54.2,0,42.7,0,42.7
div_1065_irrigation,0,31.47,0,31.47,0,31.47
div_1066_irrigation,0,116.5,0,116.5,0,116.5
div_1067_irrigation,0,7.8,0,7.8,0,7.8
div_1068_irrigation,0,133,0,133,0,133
div_1069_irrigation,0,43,0,43,0,43
div_1070_irrigation,0,16.9,0,16.9,0,16.9
div_1071_irrigation,0,77.6,0,77.6,0,77.6
div_1072_irrigation,0,9.27,0,9.27,0,9.27
div_1073_irrigation,0,27.6,0,27.6,0,27.6
div_1074_irrigation,0,10.2,0,10.2,0,10.2
div_1075_irrigation,0,10,0,10,0,10
div_1076_irrigation,0,10.8,0,10.8,0,10.8
div_1077_irrigation,0,22.7,0,22.7,0,22.7
div_1078_irrigation,0,46,0,46,0,46
div_1079_irrigation,0,12,0,12,0,12
div_1080_irrigation,0,53.08,0,49,0,49
div_1081_irrigation,0,12,0,12,0,12
div_1082_irrigation,0,29.5,0,29.5,0,29.5
div_1083_irrigation,0,50.42,0,50.42,0,50.42
div_1084_irrigation,0,351,0,351,0,351
div_1085_irrigation,0,288,0,288,0,288
div_1086_irrigation,0,21.08,0,21.08,0,21.08
div_1087_irrigation,0,13.6,0,13.6,0,13.6
div_1088_irrigation,0,16.7,0,16.7,0,16.7
div_1089_irrigation,0,54.9,0,54.9,0,54.9
div_1090_irrigation,0,15,0,15,0,15
div_1091_municipal,0,150.576,0,18.4,0,18.4
div_1092_irrigation,0,26,0,26,0,26
div_1093_irrigation,0,62,0,62,0,62
div_1094_irrigation,0,27.16,0,27.16,0,27.16
div_1095_irrigation,0,14.9,0,14.9,0,14.9
div_1096_irrigation,0,19,0,19,0,19
div_1097_interbasin,0,500,0,500,0,500
div_1098_interbasin,0,138,0,138,0,138
div_1099_interbasin,0,655,0,655,0,655
div_1100_irrigation,0,9.5,0,9.5,0,9.5
div_1101_irrigation,0,41.3,0,41.3,0,41.3
div_1102_irrigation,0,13.6,0,13.6,0,13.6
div_1103_interbasin,0,45,0,45,0,45
div_1104_irrigation,0,17.4,0,17.4,0,17.4
div_1105_interbasin,0,9.9,0,9.9,0,9.9
div_1106_irrigation,0,30.5,0,30.5,0,30.5
div_1107_irrigation,0,29,0,29,0,29
div_1108_municipal,0,67.798228,0,67.798228,0,67.798228
div_1109_irrigation,0,79.962186,0,42.878437,0,42.878437
div_1110_irrigation,0,359.82365,0,222.094731,0,222.094731
div_1111_irrigation,0,14.883513,0,14.883513,0,14.883513
div_1112_irrigation,0,34.393749,0,34.393749,0,34.393749
div_1113_irrigation,0,72.114063,0,72.114063,0,72.114063
div_1114_irrigation,0,107.033523,0,107.033523,0,107.033523
div_1115_irrigation,0,816.062523,0,56.54927,0,56.54927
div_1116_irrigation,0,73.812085,0,73.812085,0,73.812085
div_1117_irrigation,0,16.876666,0,16.876666,0,16.876666
div_1118_irrigation,0,235.686149,0,72.663749,0,72.663749
div_1119_irrigation,0,220.899655,0,163.919998,0,163.919998
div_1120_irrigation,0,22.651667,0,22.651667,0,22.651667
div_1121_irrigation,0,24.693489,0,24.693489,0,24.693489
div_1122_irrigation,0,17.93625,0,17.93625,0,17.93625
div_1123_irrigation,0,551,0,551,0,551
div_1124_irrigation,0,10.649468,0,10.649468,0,10.649468
div_1125_irrigation,0,50.347917,0,50.347917,0,50.347917
div_1126_irrigation,0.43375,25.770313,0.43375,25.770313,0,25.770313
div_1127_irrigation,0,16.801875,0,16.801875,0,16.801875
div_1128_irrigation,0,15.335312,0,15.335312,0,15.335312
div_1129_municipal,0,72.96052,0,72.96052,0,72.96052
div_1130_irrigation,0,16.204792,0,16.204792,0,16.204792
div_1131_irrigation,0,1250.01906,0,1250.01906,0,1250.01906
div_1132_irrigation,0,38.052812,0,38.052812,0,38.052812
div_1133_irrigation,0,17.273229,0,17.273229,0,17.273229
div_1134_irrigation,0,14.193333,0,14.193333,0,14.193333
div_1135_irrigation,0,500.833333,0,34.336771,0,34.336771
div_1136_irrigation,0,19.94,0,19.94,0,19.94
div_1137_irrigation,0,9.3,0,9.3,0,9.3
div_1138_irrigation,0,25.5,0,25.5,0,25.5
div_1139_irrigation,0,30.13,0,30.13,0,30.13
div_1140_irrigation,0,15.8,0,15.8,0,15.8
div_1141_irrigation,0,16.1,0,16.1,0,16.1
div_1142_irrigation,0,27.31,0,27.31,0,27.31
div_1143_intrabasin,0,84,0,56,0,56
div_1144_irrigation,0,1238,0,33.41,0,33.41
div_1145_irrigation,0,304,0,160.5,0,160.5
div_1146_irrigation,0,8,0,8,0,8
div_1147_irrigation,0,17.7,0,17.7,0,17.7
div_1148_irrigation,1,181.70001,1,181.70001,0,181.70001
div_1149_irrigation,0,108.15,0,108.15,0,108.15
div_1150_irrigation,0,333,0,52.45,0,52.45
div_1151_irrigation,0,56,0,56,0,56
div_1152_irrigation,0,489.7,0,392.40002,0,392.40002
div_1153_irrigation,0,1050,0,168,0,168
div_1154_irrigation,0,128.86,0,128.86,0,128.86
div_1155_irrigation,0,161.56,0,161.56,0,161.56
div_1156_irrigation,0,230.1,0,95.8,0,95.8
div_1157_irrigation,0,1293,0,161.4,0,161.4
div_1158_intrabasin,0,689.1958053,0,689.1958053,0,689.1958053
div_1159_irrigation,0,149.80002,0,149.80002,0,149.80002
div_1160_intrabasin,0,100,0,100,0,100
div_1161_irrigation,0,36.96,0,36.96,0,36.96
div_1162_irrigation,0,16,0,16,0,16
div_1163_irrigation,0,135.10001,0,135.10001,0,135.10001
div_1164_irrigation,0,817,0,210,0,210
div_1165_interbasin,0,714,0,714,0,714
div_1166_municipal,0,11.6999405,0,11.6999405,0,11.6999405
div_1167_irrigation,0,87.17237979,0,87.17237979,0,87.17237979
div_1168_interbasin,0,101,0,101,0,101
div_1169_interbasin,0,54,0,43,0,43
div_1170_irrigation,0,84,0,84,0,84
div_1171_irrigation,0.46,46.6,0.46,46.6,0,46.6
div_1172_irrigation,0,1058,0,202.6,0,202.6
div_1173_irrigation,0,47,0,26,0,26
div_1174_irrigation,0,1436.326811,0,138.3435552,0,138.3435552
div_1175_irrigation,0,50,0,50,0,50
div_1176_irrigation,0,395,0,395,0,395
div_1177_intrabasin,0,44.039,0,44.039,0,44.039
div_1178_irrigation,0,43,0,43,0,43
div_1179_irrigation,0,1392,0,38.89,0,38.89
div_1180_irrigation,0,472.81,0,130,0,130
div_1181_irrigation,0,107,0,107,0,107
div_1182_irrigation,0,66.73,0,66.73,0,66.73
div_1183_irrigation,0,79,0,23,0,23
div_1184_irrigation,0,51,0,51,0,51
div_1185_irrigation,0,19.74,0,19.74,0,19.74
div_1186_irrigation,0,6,0,6,0,6
div_1187_intrabasin,0,1030000,0,395,0,395
div_1188_intrabasin,0,7,0,7,0,7
div_1189_irrigation,0,88,0,27.57,0,27.57
div_1190_irrigation,0,345,0,98,0,98
div_1191_irrigation,0,30,0,30,0,30
div_1192_irrigation,0,7510,0,70.9,0,70.9
div_1193_irrigation,0,108,0,108,0,108
div_1194_irrigation,0,183,0,90,0,90
div_1195_intrabasin,0,120.19,0,120.19,0,120.19
div_1196_irrigation,0,21.9,0,21.9,0,21.9
div_1197_irrigation,0,429.4883871,0,157.5,0,157.5
div_1198_irrigation,0,70,0,70,0,70
div_1199_irrigation,0,27,0,27,0,27
div_1200_irrigation,0,97.5,0,97.5,0,97.5
div_1201_irrigation,0,93,0,53,0,53
div_1202_industrial,0,2948.5,0,18.30955729,0,18.30955729
div_1203_industrial,0,2905.7,0,19.30102141,0,19.30102141
div_1204_irrigation,0,770,0,118,0,118
div_1205_irrigation,0,14.9,0,14.9,0,14.9
div_1206_irrigation,0,119.2,0,61.8,0,61.8
div_1207_irrigation,0,111,0,61,0,61
div_1208_intrabasin,0,40.58038,0,40.58038,0,40.58038
div_1209_irrigation,0,19300,0,85,0,85
div_1210_irrigation,0,73,0,73,0,73
div_1211_irrigation,0,43.8625,0,10.4271,0,10.4271
div_1212_irrigation,0,12.2,0,12.2,0,12.2
div_1213_interbasin,0,72,0,72,0,72
div_1214_irrigation,0,14,0,14,0,14
div_1215_irrigation,0,38000,0,400,0,400
div_1216_irrigation,0,176.25,0,176.25,0,176.25
div_1217_interbasin,0,623,0,623,0,623
div_1218_irrigation,0,382.8815612,0,40.78571429,0,40.78571429
div_1219_municipal,0,22,0,22,0,22
div_1220_irrigation,3,234,3,234,0,234
div_1221_irrigation,0,67.90001,0,67.90001,0,67.90001
div_1222_irrigation,0,244.63,0,244.63,0,244.63
div_1223_irrigation,0,12.53,0,12.53,0,12.53
div_1224_irrigation,0,8225,0,215,0,215
div_1225_intrabasin,0,1970000,0,562,0,562
div_1226_irrigation,0,248,0,248,0,248
div_1227_industrial,0,36,0,36,0,36
div_1228_irrigation,0,23.7,0,23.7,0,23.7
div_1229_intrabasin,0,338.94623,0,338.94623,0,338.94623
div_1230_intrabasin,0,25.4,0,25.4,0,25.4
div_1231_irrigation,0,119.8,0,109.3,0,109.3
div_1232_irrigation,0,254,0,254,0,254
div_1233_irrigation,0,22,0,22,0,22
div_1234_irrigation,0,648,0,31.79,0,31.79
div_1235_intrabasin,0,8.5,0,8.5,0,8.5
div_1236_irrigation,0,120.5,0,120.5,0,120.5
div_1237_irrigation,0,120.5,0,120.5,0,120.5
div_1238_irrigation,0,31.43,0,31.43,0,31.43
div_1239_irrigation,0,48.2,0,48.2,0,48.2
div_1240_irrigation,0,131.8,0,124.6,0,124.6
div_1241_irrigation,0,52,0,52,0,52
div_1242_irrigation,4.5,105,4.5,105,0,105
div_1243_irrigation,0,35,0,35,0,35
div_1244_irrigation,0,30.86052332,0,30.86052332,0,30.86052332
div_1245_irrigation,0,20,0,20,0,20
div_1246_irrigation,0,12,0,12,0,12
div_1247_irrigation,0,33,0,33,0,33
div_1248_irrigation,0,52.45,0,52.45,0,52.45
div_1249_irrigation,0,30,0,30,0,30
div_1250_irrigation,0,408,0,408,0,408
div_1251_irrigation,0,35,0,35,0,30
div_1252_irrigation,0,51.5,0,51.5,0,51.5
div_1253_irrigation,0,435,0,435,0,435
div_1254_irrigation,0,99,0,99,0,99
div_1255_irrigation,0,134,0,134,0,105.2388889
div_1256_irrigation,0,77.7,0,29.44929103,0,29.44929103
div_1257_irrigation,0,38.87055084,0,38.87055084,0,38.87055084
div_1258_irrigation,0,62,0,62,0,62
div_1259_interbasin,0,21.8,0,21.8,0,21.8
div_1260_irrigation,0,79.13,0,79.13,0,79.13
div_1261_irrigation,0,13.15,0,13.15,0,13.15
div_1262_irrigation,0,242.2757864,0,242.2757864,0,242.2757864
div_1263_irrigation,0,25,0,25,0,25
div_1264_irrigation,0,50.15290506,0,44.78759925,0,44.78759925
div_1265_irrigation,0,300,0,75,0,75
div_1266_irrigation,0,12.7,0,12.7,0,12.7
div_1267_irrigation,0,41.98292044,0,41.98292044,0,41.98292044
div_1268_irrigation,0,38.8,0,20,0,20
div_1269_irrigation,0,50,0,50,0,50
div_1270_irrigation,0,40,0,40,0,40
div_1271_irrigation,0,91.80243665,0,91.80243665,0,91.80243665
div_1272_irrigation,0,44.3,0,32,0,32
div_1273_irrigation,0,57.3332555,0,57.3332555,0,57.3332555
div_1274_irrigation,0,231,0,231,0,231
div_1275_irrigation,0,48.4,0,31.4,0,31.4
div_1276_irrigation,0.949666667,86.71103411,0.949666667,86.71103411,0,86.71103411
div_1277_irrigation,0,70,0,70,0,70
div_1278_irrigation,0,45.7,0,45.7,0,45.7
div_1279_irrigation,0,148.38,0,148.38,0,148.38
div_1280_irrigation,0,31.5,0,31.5,0,31.5
div_1281_irrigation,0,128,0,95.5,0,95.5
div_1282_irrigation,0,212.5006955,0,212.5006955,0,212.5006955
div_1283_irrigation,0,20,0,20,0,20
div_1284_irrigation,0,105.6035987,0,49.28788038,0,49.28788038
div_1285_irrigation,23.3,23.3,23.3,23.3,0,23.3
div_1286_irrigation,0,46,0,31.82,0,31.82
div_1287_irrigation,0,72.4,0,33.3,0,33.3
div_1288_irrigation,0,61,0,61,0,59.5
div_1289_irrigation,0,287,0,287,0,287
div_1290_irrigation,0,152.4,0,150,0,150
div_1291_irrigation,0,250,0,60,0,60
div_1292_irrigation,0,144,0,113.1226723,0,113.1226723
div_1293_irrigation,0,23,0,23,0,6.333333333
div_1294_irrigation,0,45,0,32,0,32
div_1295_irrigation,0,126,0,70,0,70
div_1296_irrigation,0,133,0,45,0,45
div_1297_irrigation,0,33.1,0,33.1,0,33.1
div_1298_irrigation,0,38.6,0,38.6,0,38.6
div_1299_irrigation,0,30.5171898,0,30.5171898,0,30.5171898
div_1300_irrigation,0,81.8,0,41.97438222,0,41.97438222
div_1301_irrigation,0,50.8,0,50.8,0,38.7
div_1302_irrigation,0,55,0,55,0,55
div_1303_irrigation,0,24,0,24,0,24
div_1304_irrigation,0,44,0,44,0,44
div_1305_irrigation,0,65.1,0,50.8,0,50.8
div_1306_irrigation,0,100,0,100,0,100
div_1307_irrigation,0,19.1,0,19.1,0,19.1
div_1308_irrigation,0,20,0,20,0,20
div_1309_irrigation,0,51.25258513,0,51.25258513,0,51.25258513
div_1310_irrigation,0,35067,0,105,0,105
div_1311_irrigation,0,37.72234759,0,37.72234759,0,37.72234759
div_1312_irrigation,0,116.1236272,0,90.49467842,0,90.49467842
div_1313_irrigation,0,40,0,40,0,40
div_1314_irrigation,0,26.4,0,26.4,0,25.76666667
div_1315_irrigation,0,109.6285601,0,84.2,0,84.2
div_1316_irrigation,0,71.86788314,0,51.05960155,0,51.05960155
div_1317_irrigation,0,35,0,35,0,35
div_1318_irrigation,0,63,0,52.6,0,52.6
div_1319_irrigation,0,68,0,68,0,66.94339623
div_1320_irrigation,0,80,0,80,0,80
div_1321_irrigation,0,62.9,0,62.9,0,43.2
div_1322_irrigation,0,135.4642645,0,135.4642645,0,135.4642645
div_1323_irrigation,0,25,0,25,0,25
div_1324_irrigation,8.9,69.8,8.9,69.8,0,69.8
div_1325_irrigation,0,973,0,160,0,160
div_1326_irrigation,0,85.6,0,85.6,0,85.6
div_1327_irrigation,0,22,0,22,0,15
div_1328_irrigation,0,90.48482503,0,90.48482503,0,90.48482503
div_1329_irrigation,0,50,0,45,0,45
div_1330_irrigation,0,39.2,0,39.2,0,39.2
div_1331_irrigation,0,39,0,39,0,38.3
div_1332_irrigation,0,50,0,50,0,50
div_1333_irrigation,0,50,0,50,0,50
div_1334_irrigation,0,120,0,28,0,28
div_1335_irrigation,0,35,0,23.77346323,0,23.77346323
div_1336_irrigation,0,13.9,0,13.9,0,13.9
div_1337_irrigation,0,57.5,0,57.5,0,57.5
div_1338_irrigation,0,25,0,25,0,25
div_1339_irrigation,0,68.8,0,68.8,0,68.8
div_1340_irrigation,0,66.8,0,66.8,0,60
div_1341_irrigation,0,143.3678733,0,110,0,108.5424907
div_1342_irrigation,0,20.6,0,20.6,0,20.6
div_1343_irrigation,0,41,0,41,0,41
div_1344_irrigation,0,48.8,0,48.8,0,48.8
div_1345_irrigation,0,32,0,32,0,32
div_1346_irrigation,0,70,0,62,0,62
div_1347_irrigation,0,17.65888938,0,17.65888938,0,17.65888938
div_1348_irrigation,0,67,0,67,0,67
div_1349_irrigation,0,53.55130345,0,53.55130345,0,53.55130345
div_1350_irrigation,0,80.2,0,80.2,0,80.2
div_1351_irrigation,0,14,0,14,0,14
div_1352_irrigation,0,50,0,50,0,42.5
div_1353_irrigation,0,300,0,300,0,300
div_1354_irrigation,0,30,0,30,0,30
div_1355_irrigation,0,30.10797104,0,30.10797104,0,30.10797104
div_1356_irrigation,0,61.25,0,61.25,0,61.25
div_1357_irrigation,0,41,0,41,0,41
div_1358_irrigation,0,25,0,25,0,25
