date,Q_mmd,Q_cfs,gage,prcp,srad,swe,tmax,tmin,vp,eto,vpd
2023-06-08,0.30176451472071436,3.84,7105932,15.105728683505316,393.46631640674207,0.0,19.1466826647614,5.807305040836512,930.8633948229144,4.632102876792737,0.7945105207496584
2023-06-09,0.2797608521889956,3.56,7105932,22.385735287930054,388.69968902907016,0.0,18.70436918211325,5.710554401174936,921.3602183494456,4.320045281586003,0.8827504140312099
2023-06-10,0.27425993655606595,3.49,7105932,10.573145128038403,399.13086625750776,0.0,18.25230441983196,4.440303644095228,841.6983541455243,4.5905128950374,0.8566523991469788
2023-06-11,0.27661747182732144,3.52,7105932,39.85613070210776,348.41863616101307,0.0,15.024681922063811,4.213316120608141,830.1760415933555,4.095287862135837,0.4850081820489177
2023-06-12,2.5775718965727683,32.8,7105932,44.46924533870428,265.80210628271607,0.0,12.275742697358291,4.704025471527388,858.3371074878852,2.5617235552773483,0.2267960204977644
2023-06-13,2.561854994764398,32.6,7105932,18.34943026938816,340.35438966504785,0.0,13.043065397808796,2.711264937128544,744.9897788683292,3.561333040694257,0.4639460778670451
2023-06-14,2.011763431471429,25.6,7105932,5.935549955426915,406.0248700767075,0.0,16.72348881837206,2.65648226682329,743.514371622265,4.53604638109403,0.7781454142386296
2023-06-15,1.752434551633315,22.3,7105932,3.900558128676997,371.0889186948044,0.0,16.86480891994435,5.7400063022912935,922.7958317425382,4.084654126312084,0.7284893365204897
2023-06-16,1.7052838462082036,21.7,7105932,14.388315464547013,372.236179489745,0.0,16.226200075883682,4.295305568234391,834.5386347002296,3.662769285335158,0.4339019699850354
2023-06-17,2.082489489609096,26.5,7105932,5.773036376886559,347.34871937445496,0.0,13.847277319640073,3.1898765131404985,771.0057442717848,3.716416756752624,0.5118634124967393
2023-06-18,1.8860282170044649,24.0,7105932,0.0,571.8077216785802,0.0,21.476808573686903,4.7189945897062335,856.8586637947049,5.68096261140425,1.288067278309885
2023-06-19,1.6502746898789067,21.0,7105932,0.0,542.3344301000504,0.0,24.354359241190966,8.71556133909731,1126.8489610812098,6.295514686741154,1.6734647737487185
2023-06-20,1.4380965154659044,18.3,7105932,0.0,496.93075057831504,0.0,23.71313959347356,10.4299823419264,1264.1130397700983,5.81120063838932,1.646201298296023
2023-06-21,1.2652105955738286,16.1,7105932,27.98060366637884,380.4677169663308,0.0,22.060762490465606,8.474436168663441,1109.8503643438169,5.502154379058006,1.240946211667089
2023-06-22,1.0687493229691967,13.6,7105932,5.646309593484729,333.55528986554646,0.0,20.010493886850785,9.181179277689912,1166.4253887240432,4.770467448237562,0.628625415473016
2023-06-23,0.8644295994603797,11.0,7105932,0.0,541.1740477192952,0.0,24.251297792259503,8.729457030837624,1133.7976374819004,6.314186650408716,1.4311163007754948
2023-06-24,0.6789701581216073,8.64,7105932,0.0,523.2082855005445,0.0,22.969556546772967,8.519032386834093,1111.068161927769,6.253219149403177,1.640619883582951
2023-06-25,0.569737690553432,7.25,7105932,0.0,496.0042164627004,0.0,21.37814668475401,8.442940688785082,1107.6749399383916,5.6697367181161535,1.2154113635678
2023-06-26,0.5013691676870202,6.38,7105932,0.0,543.2578366156922,0.0,25.855969456051103,9.74866320562104,1207.4820219359283,6.055726352680595,1.7075885033688585
2023-06-27,0.43300064482060835,5.51,7105932,0.0,508.17140249468827,0.0,26.28117925820068,11.944658019162098,1399.3891896087696,7.045798126990658,1.7666183520252547
2023-06-28,0.3795631786721485,4.83,7105932,0.0,520.3419970944589,0.0,25.98083523320989,11.088074786635715,1320.7873928266638,6.319604309346853,1.9092238723923816
2023-06-29,0.3410567692416407,4.34,7105932,0.0,502.72542323732125,0.0,22.38945949463605,8.983587046692074,1152.1499967225418,5.693057849963815,1.256198788434173
2023-06-30,0.3269115576141072,4.16,7105932,7.3877548219215265,330.190221147512,0.0,18.44289534786147,7.784234610104928,1063.5713324338344,4.30948714626005,0.6686518961136356
2023-07-01,0.2915485285452735,3.71,7105932,0.0,561.2593719455507,0.0,21.194647751392782,4.816313467684208,865.6507255608989,4.962756629733334,0.9982298201437452
2023-07-02,0.2719024012848103,3.46,7105932,0.0,514.8807513926811,0.0,21.96084284485024,7.937890909744535,1071.5850073694353,4.770404406664455,1.1011830704089327
2023-07-03,0.2357535271255581,3.0,7105932,0.0,537.7674862992723,0.0,24.438964420321955,8.533055240056276,1116.112129233534,5.475519626255043,1.3593397849871045
2023-07-04,0.21374986459383935,2.72,7105932,0.0,505.11564058522765,0.0,24.19799921863157,9.830231842412536,1221.4715650149217,4.908050903223225,1.0471551175440108
2023-07-05,0.20667725878007256,2.63,7105932,0.0,324.70779519299185,0.0,17.128781610642445,9.4142207403064,1184.4847370891223,3.9293435437862216,0.3584024164705052
2023-07-06,0.19881880787588732,2.53,7105932,0.0,439.2624681474458,0.0,19.74609389202381,8.498134073779157,1116.2920478550689,4.480408243888479,0.5767985295743235
2023-07-07,0.189388666790865,2.41,7105932,8.421627787118656,327.7985632791766,0.0,20.92252965001686,9.586968646746998,1199.6970106415408,4.193057849963815,0.5467153797675938
2023-07-08,0.18467359624835383,2.35,7105932,5.723728109490469,343.1377751034513,0.0,21.353842689511275,9.414010349683169,1185.4412566188955,4.308050882220042,0.4862429165931766
2023-07-09,0.16817084934956478,2.14,7105932,0.649091597291171,501.8124449207123,0.0,22.861731075648777,8.764891072936871,1133.6904976513035,4.923787397867908,0.8018117720209349
2023-07-10,0.15559732790286834,1.98,7105932,4.360851690362768,389.0147397210859,0.0,24.737321459046985,9.388954278367496,1183.543004477521,4.90064255386512,1.2830918389452906
2023-07-11,0.1375228908232422,1.75,7105932,0.0,548.3396311920113,0.0,27.8547498879151,10.040253242587838,1235.697850722757,5.727693095500994,1.7851115374296571
2023-07-12,0.12102014392445315,1.54,7105932,0.0,471.92842601705473,0.0,26.56595928326232,12.858252510189994,1489.6544781579491,6.089782005385515,1.5260287183079349
2023-07-13,0.11551922829152346,1.47,7105932,0.0,479.29598278474833,0.0,25.97372328984252,11.902893981991264,1398.2681578705497,5.232808347521551,1.196297100303124
2023-07-14,0.10923246756817523,1.39,7105932,20.4944678652988,329.9069269465547,0.0,23.66105718782089,11.481184243404908,1361.4331236170383,5.367531793189916,1.1442333344054243
2023-07-15,0.13909458100407926,1.77,7105932,10.207433566287737,323.405677771379,0.0,21.502028357251177,9.84469699913689,1221.3621297718307,4.582499667200466,0.7479664965181757
2023-07-16,0.13202197519031253,1.68,7105932,0.0,538.6846187592033,0.0,26.62914324089128,9.23063126916442,1172.4282994942594,5.341212009924012,1.4258573731442488
2023-07-17,0.09665894612147881,1.23,7105932,0.0,515.3179627656785,0.0,28.70306419386015,11.972667307191031,1401.628915847061,6.021821876579708,2.0557603953811974
2023-07-18,0.08251373449394532,1.05,7105932,0.0,467.6014521222608,0.0,27.94936377818629,13.767454849888155,1576.4879811265175,6.049225129032216,1.9968779404427404
2023-07-19,0.10215986175440851,1.3,7105932,2.447758579023789,386.9195673720157,0.0,25.403940963552863,12.958596447154854,1498.337524952359,5.0222502601256345,1.155216069985685
2023-07-20,0.12180598901487168,1.55,7105932,0.0,431.46090399872,0.0,22.064612600925624,10.271630350011744,1255.5819175617355,4.134345403317767,0.5150938570852375
2023-07-21,0.11001831265859377,1.4,7105932,0.0,452.6867257101762,0.0,21.954147607775223,9.408714827323296,1187.4389924199206,4.437583529349912,0.6673403208826806
2023-07-22,0.10137401666398999,1.29,7105932,0.0,480.10670275674335,0.0,24.18484685113692,10.065812054788257,1236.2745788120508,5.132808442888985,1.1326710453062885
2023-07-23,0.0872288050364565,1.11,7105932,0.0,520.0050853812395,0.0,27.667040391729504,10.947291145069974,1312.5079105930386,5.29850063790178,1.6119730670070318
2023-07-24,0.07779866395143417,0.99,7105932,0.0,495.93823117225753,0.0,28.05067893878119,12.438263813344172,1446.3964356206982,5.71491753467763,1.8656419425342905
2023-07-25,0.07072605813766743,0.9,7105932,1.9645318772009697,408.3748642492612,0.0,29.572904176100447,13.190854194048017,1522.9036171139223,5.482751746704554,2.0364357005653178
2023-07-26,0.06208176214306363,0.79,7105932,3.530354046560256,371.35348468062944,0.0,28.39273411305136,12.536732952766275,1458.7283522442603,5.296711585436688,1.684995616099629
2023-07-27,0.05265162105804131,0.67,7105932,0.0,470.1414023734946,0.0,26.30856869685435,12.11499178522222,1417.7679743267538,5.138251300240789,1.5491987105895004
2023-07-28,0.03457718397841518,0.44,7105932,5.225536070979029,356.77589795426314,0.0,26.06080147372064,11.512882711005116,1360.8670248267358,4.926949849128122,1.5820839208455348
2023-07-29,0.03457718397841518,0.44,7105932,2.9843253132617176,365.3180721091189,0.0,25.7365805392934,10.714577291809944,1291.510279836771,5.141237312260181,1.403449661187716
2023-07-30,0.06286760723348216,0.8,7105932,0.0,481.4059788022756,0.0,26.41360850224225,11.469530048637106,1357.5626732546389,4.925488175921675,1.5318230935303765
2023-07-31,0.0817278894035268,1.04,7105932,24.09142247390218,327.55262660030985,0.0,25.31498809652002,12.415379942612455,1448.6664965238947,5.114917558672687,1.2063059185094036
2023-08-01,0.30097866963029585,3.83,7105932,0.0,418.0430727335432,0.0,22.961734815224805,11.211906270414898,1336.676601414238,4.522250260125634,0.8918117818565652
2023-08-02,0.18231606097709824,2.32,7105932,23.950480039374742,333.8206537493503,0.0,23.36929456944637,10.467032913778986,1271.5529476789136,4.645571439410691,1.012003277566791
2023-08-03,0.16581331407830918,2.11,7105932,28.15832929429771,325.6817542478992,0.0,22.692377503068126,10.333362681958512,1260.751104800154,4.511616489486819,1.03120824854215
2023-08-04,0.13909458100407926,1.77,7105932,1.9184074260672737,454.4266283482976,0.0,24.81448027365781,9.36655028827307,1182.2909966308166,5.026609545617945,1.395066151499402
2023-08-05,0.12337767919570873,1.57,7105932,8.656944636810753,319.6081025358019,0.0,22.243125738177795,10.04212298464742,1238.1969653938584,4.537999268666734,0.8889404002554064
2023-08-06,0.11944845374361611,1.52,7105932,0.0114526903883131,321.2558623471667,0.0,18.1306439669228,9.75018134585132,1212.5452119861636,3.6415774046631264,0.2683835150808925
2023-08-07,0.11159000283943082,1.42,7105932,1.4261459024378735,469.21707514748095,0.0,22.24192640110634,8.368953013699464,1103.296638318629,4.674096043680331,0.8735441605690609
2023-08-08,0.09587310103106028,1.22,7105932,0.0,502.73599141656666,0.0,25.052839943154165,9.05595947324261,1155.516290873022,4.895514591373722,1.300806336308571
2023-08-09,0.08329957958436386,1.06,7105932,0.0,464.9878591830894,0.0,22.235467997759187,8.49804081844115,1115.4033673442518,4.807282285064294,1.056158487466656
2023-08-10,0.07308359340892301,0.93,7105932,0.0,442.8614230382438,0.0,23.69618623533341,10.727016592440291,1292.9948523147616,4.683167472600006,1.359813521652418
2023-08-11,0.06365345232390068,0.81,7105932,0.0,460.0366135883559,0.0,23.99550949333145,10.275571432614694,1256.4357402004157,5.340090670002276,1.4314047982203977
2023-08-12,0.057366691600552466,0.73,7105932,0.0,364.3071432403222,0.0,20.075994784275974,10.304234608514069,1264.2157772949026,3.350699272837042,0.8269434315935705
2023-08-13,0.05029408578678573,0.64,7105932,6.103169938984258,299.5741528893982,0.0,19.59215823934468,8.850073112924195,1142.23934600857,3.932808361952229,0.6437671609064245
2023-08-14,0.04557901524427456,0.58,7105932,0.0,396.8713806929028,0.0,19.264841762675857,8.511247326628723,1117.0570152871956,3.948569949844464,0.5656091689244915
2023-08-15,0.03929225452092635,0.5,7105932,0.0,513.9463868133363,0.0,25.08673683143433,8.512039801809186,1113.2514785164865,4.998853492965111,1.292557620380392
2023-08-16,0.03064795852632255,0.39,7105932,0.0,501.52300499013336,0.0,26.87661838062888,10.620951283048644,1283.7749698307762,5.199924478546504,1.692726452869988
2023-08-17,0.024361197802974334,0.31,7105932,0.0,442.7066403620036,0.0,24.57041190681971,11.534104883122598,1369.7651914712148,5.402154444867183,1.4687652667343458
2023-08-18,0.019646127260463175,0.25,7105932,0.0,475.51644534495153,0.0,27.88585354450653,12.58863807724843,1458.7084642419643,5.287111015783624,1.790852982480925
2023-08-19,0.01335936653711496,0.17,7105932,0.0,456.5280595692665,0.0,27.298331864943226,12.935709954990282,1494.2150249099109,5.906488500525161,1.826541498384143
2023-08-20,0.008644295994603795,0.11,7105932,0.0,484.0662797925693,0.0,26.36390821570576,10.728190744915963,1294.872959470995,6.040443429481895,1.6425853563643704
2023-08-21,0.005500915632929689,0.07,7105932,0.0,467.1670616047048,0.0,27.211840709961667,12.096130864812755,1411.4128339531228,6.682386372121526,1.8621179139537505
2023-08-22,0.003143380361674108,0.04,7105932,0.0,414.4537339904407,0.0,26.133511419393585,13.527463781874198,1550.5182618540937,6.125097613438589,1.709944564568931
2023-08-23,0.000785845090418527,0.01,7105932,0.0,413.006503281672,0.0,25.15729751721488,12.78653266590008,1478.3409503188434,5.5188988275517135,1.4781945513675652
2023-08-24,0.0,0.0,7105932,10.226179965034726,340.2532548648488,0.0,25.8579651413358,11.645054888932544,1375.316021352476,5.081302770487498,1.3679198882539847
2023-08-25,0.001571690180837054,0.02,7105932,7.897638899726982,218.9253493745545,0.0,18.26991062721828,10.725047217848854,1296.1172045716946,3.2415018540358704,0.3590235624739755
2023-08-26,0.008644295994603795,0.11,7105932,0.0,334.4399558056868,0.0,18.497332771914536,9.712567724417989,1208.2943876078314,3.4945571426481954,0.4021267513266374
2023-08-27,0.008644295994603795,0.11,7105932,9.507333990997967,314.13275116878054,0.0,21.11345452362364,9.208753986293758,1167.0387925980322,3.556142177872564,0.6390348912126489
2023-08-28,0.035363029068833714,0.45,7105932,5.592441726424794,313.34515220908344,0.0,19.68902480783999,8.279542636703118,1099.193213165925,3.3039687111198384,0.4495867372340152
2023-08-29,0.02671873307422992,0.34,7105932,0.0,475.8500821686848,0.0,20.097884784105872,6.069546430796118,944.5289094244124,4.017840444613602,0.7366599386880147
2023-08-30,0.02121781744130023,0.27,7105932,0.0,485.01115329622746,0.0,24.79040319282461,9.34631231453852,1175.8768955887722,4.95000623241846,1.389845019776439
2023-08-31,0.03143380361674108,0.4,7105932,0.0,480.3903482885794,0.0,26.528335588110824,10.82568985217011,1299.5626782684883,5.291520738175132,1.7084427400156184
2023-09-01,0.02829042325506697,0.36,7105932,0.0,483.34004018984695,0.0,27.370976572660343,11.157055480633089,1329.7101184584951,5.591520831584028,1.8404888768963288
2023-09-02,0.024361197802974334,0.31,7105932,0.0,427.6281487012037,0.0,25.808277635020406,12.573271920943238,1459.6956480587846,5.031271259295364,1.7671890904024166
2023-09-03,0.0204319723508817,0.26,7105932,0.0,426.4668325063968,0.0,24.973779798740548,11.947289968867643,1403.8084272625194,4.636462202356912,1.4719138084317662
2023-09-04,0.016502746898789066,0.21,7105932,0.0,432.8442326522044,0.0,24.273467477599244,10.884305227639407,1304.010943402808,5.016290720425009,1.3485170840781473
2023-09-05,0.01571690180837054,0.2,7105932,0.0,431.5427118671229,0.0,20.39365244194108,7.421246075158576,1033.2459835760442,4.401045643173357,1.0275280341718154
2023-09-06,0.014931056717952014,0.19,7105932,0.0,489.6819779601643,0.0,22.72461895860381,6.208542259240819,949.4765860927756,4.545571381459688,1.1606413036626158
2023-09-07,0.014931056717952014,0.19,7105932,0.0,484.1769317130949,0.0,25.901918950032204,8.998358342123973,1148.2366557785135,4.817059330425377,1.726735534904675
2023-09-08,0.011787676356277905,0.15,7105932,0.0,452.1744699669195,0.0,24.25319128071344,9.374951518331407,1177.9464936767667,5.214917534677631,1.640148639333508
2023-09-09,0.01021598617544085,0.13,7105932,0.0,464.62939666136697,0.0,23.77433547502622,8.07480415096958,1079.4210126794403,4.597379358406253,1.4932304626750572
2023-09-10,0.016502746898789066,0.21,7105932,37.98253647115889,300.8909347090084,0.0,19.694143821328925,7.460892005277337,1038.1454016757696,2.8441477053198767,0.6917412132118637
2023-09-11,0.12887859482863842,1.64,7105932,6.2277838024607055,172.07487398974013,0.0,12.250558125247307,6.115528559555584,949.2745204683782,2.113178776811559,0.1626634750629275
2023-09-12,0.07544112868017859,0.96,7105932,0.0,348.33236489014195,0.0,14.560826368020704,4.773868008346,864.3272294588434,2.7153836140723344,0.3551215871922596
2023-09-13,0.05658084651013394,0.72,7105932,0.0,368.2362917515226,0.0,15.94189625836536,5.284321540937293,894.9004439240633,2.9061987789358774,0.5473239217880497
2023-09-14,0.05186577596762278,0.66,7105932,14.069974731675048,312.42809039674984,0.0,16.29136328224392,3.5696522711325724,794.2048324386946,2.732808390927732,0.4660740741835412
2023-09-15,0.10373155193524557,1.32,7105932,13.83419681018946,150.2635004121199,0.0,9.038218488497382,3.9084628808553945,814.5962981504862,1.3470706551745146,0.0781050773910803
2023-09-16,0.1225918341052902,1.56,7105932,0.0,472.1772451748006,0.0,16.767159115446596,1.303813799483054,676.3896811428697,3.044135118110572,0.6821028012629793
2023-09-17,0.10373155193524557,1.32,7105932,0.0,461.7613529735447,0.0,19.31320532536468,4.00502202305668,815.2405409042128,3.3816681666384403,0.9659468210868454
2023-09-18,0.09587310103106028,1.22,7105932,0.0,424.5427222985441,0.0,19.63600097027596,6.243779789760128,954.9096219290016,3.566700313198517,1.0967078175880574
2023-09-19,0.09508725594064175,1.21,7105932,0.0,378.9544572535818,0.0,18.0727945253022,6.84322035755726,996.0757936446656,3.245571387449439,0.8540141063041704
2023-09-20,0.09508725594064175,1.21,7105932,0.0,438.0597141722939,0.0,18.75179290675359,4.675290422053874,855.1994955037152,3.614854494690579,1.0400718334446
2023-09-21,0.0817278894035268,1.04,7105932,0.0,377.3327600306823,0.0,18.579730233212512,7.173393007037889,1015.721383109086,3.660501421046104,1.0767531811747937
2023-09-22,0.07386943849934152,0.94,7105932,0.0,403.0357541246137,0.0,19.85974809320504,7.0497946437005625,1005.3607957649396,3.929406581364155,1.2517828111896678
2023-09-23,0.06758267777599332,0.86,7105932,0.0,390.68257548488526,0.0,17.41797531565776,5.506101818248127,905.5107450404724,3.311200736646493,0.9889467088614748
2023-09-24,0.06286760723348216,0.8,7105932,0.0,441.5824598379904,0.0,16.845113967188023,2.103810017973774,713.2146361751007,3.017840516016016,0.8192868972960115
2023-09-25,0.05815253669097099,0.74,7105932,0.0,429.1648197758028,0.0,19.376429289012403,4.709051304024533,855.8034720491128,3.2900970201431026,0.9629620689881362
2023-09-26,0.05422331123887835,0.69,7105932,0.0,425.3396735790319,0.0,21.752469389267706,6.769582961809279,987.695601826788,3.680962619124243,1.2709411311858512
2023-09-27,0.05186577596762278,0.66,7105932,0.0,413.725396187912,0.0,21.24794750422693,6.726537754993166,983.6494083873148,3.680546779153147,1.3059796023927552
2023-09-28,0.04715070542511162,0.6,7105932,0.0,418.2934205578032,0.0,22.989173614484645,7.789491039567858,1058.0095251447922,3.911200727490644,1.517219360715513
2023-09-29,0.04243563488260046,0.54,7105932,0.0,396.182572093616,0.0,22.03922901872094,8.162392617173138,1085.9170831519527,4.380962507481747,1.5313040392816668
2023-09-30,0.03929225452092635,0.5,7105932,1.8283998909218269,365.5132827326228,0.0,22.04541770249691,6.573468561690354,973.1192956390704,4.285321923156551,1.2401713330438993
2023-10-01,0.03850640943050782,0.49,7105932,0.0,389.9169625081266,0.0,20.07938524005664,6.578180680485837,974.9392483569336,4.243706696998026,0.9382209830625358
2023-10-02,0.037720564340089295,0.48,7105932,1.734160261740984,312.6721154456027,0.0,17.53690189826814,5.914709622033585,931.6406718625728,3.572899126354686,0.7072634453645531
2023-10-03,0.04479317015385603,0.57,7105932,0.0,326.37459881515645,0.0,12.638461549501054,2.4163273117044213,729.7453347747173,2.7199697939082235,0.5760262004145899
2023-10-04,0.04243563488260046,0.54,7105932,0.0,325.93417456445326,0.0,11.499610631490242,1.3846856570205726,678.4489627976075,2.1740959722779167,0.5819906706779657
2023-10-05,0.040078099611344876,0.51,7105932,0.0,377.5824985030737,0.0,13.660629893064163,1.0953849062832348,663.6738223190855,2.561257455846712,0.6666511250778334
2023-10-06,0.037720564340089295,0.48,7105932,0.0,268.49165693938886,0.0,8.600510270466081,0.6965528514608881,643.754420984688,2.044916172359217,0.3009915568861024
2023-10-07,0.0408639447017634,0.52,7105932,0.0,433.1422517941582,0.0,15.641896031463686,-0.6673591987764832,581.7440097035516,2.436827519505602,0.7525677124499013
2023-10-08,0.037720564340089295,0.48,7105932,0.0,425.0543870458497,0.0,18.00245693743161,1.7325299074085978,692.3172904484757,2.8751039642282548,1.0034559573802175
2023-10-09,0.03457718397841518,0.44,7105932,0.0,403.5039156740372,0.0,17.6261067236042,2.817408357877732,748.718601230171,2.856142143165642,0.9628474468981808
2023-10-10,0.03457718397841518,0.44,7105932,0.0,405.7897149463647,0.0,18.16444110413769,2.834887232185084,750.0641720033911,2.7480785956051705,1.030536738663998
2023-10-11,0.024361197802974334,0.31,7105932,0.0,362.12442113110455,0.0,16.41340544939612,3.5216744202607457,787.7746900779798,2.7849061241584865,0.8863714242876664
2023-10-12,0.014145211627533485,0.18,7105932,0.0,290.16949862768166,0.0,8.954922528655608,-0.368370916756827,598.7529897921717,2.209399032896165,0.4196799739667716
2023-10-13,0.01728859198920759,0.22,7105932,0.0,342.13822485803723,0.0,7.963690308309762,-3.5685385023562293,471.3513014568583,1.8269497496633875,0.3110142342893635
2023-10-14,0.02121781744130023,0.27,7105932,0.0,344.7989063472009,0.0,8.692465725512202,-3.1914464038100543,482.7020254559281,1.676666273598528,0.3761295173643396
2023-10-15,0.022003662531718756,0.28,7105932,0.0,389.26357633117993,0.0,13.384558348447232,-1.8909071437114275,531.688040357611,2.1036285780322364,0.6295439124002222
2023-10-16,0.022003662531718756,0.28,7105932,0.0,406.87309756332456,0.0,17.369455758549336,-0.0222162026958909,609.7134874883848,2.118621634163363,0.8982197371375669
2023-10-17,0.022003662531718756,0.28,7105932,0.0,399.31328956976,0.0,20.74229445763254,3.089567838154317,762.4068914574217,2.643668866749297,1.2588106135329529
2023-10-18,0.02121781744130023,0.27,7105932,0.0,319.36058769019405,0.0,16.1434220076959,4.241985669796301,827.2517532631238,2.457931228289004,0.8930742041100719
2023-10-19,0.02121781744130023,0.27,7105932,0.0,376.6290951460031,0.0,18.94846031806083,2.976278217865866,757.4206169313936,2.620750930547504,1.012912935313671
2023-10-20,0.02121781744130023,0.27,7105932,0.0,383.7233935780649,0.0,20.88422722255942,3.663128395982934,795.3632208069699,3.166700245587008,1.345524767281142
2023-10-21,0.022003662531718756,0.28,7105932,0.0,344.52148909278594,0.0,18.854238527674536,4.511903767803837,842.9624327036839,2.750699234201037,1.1826294546270302
2023-10-22,0.025147042893392865,0.32,7105932,0.0,362.9716748505196,0.0,18.41543156802992,2.495187089952965,731.048246103224,2.5630464918505,1.0072155757260977
2023-10-23,0.027504578164648442,0.35,7105932,0.0,343.6354283605216,0.0,18.375077452124312,3.486038809596433,784.060541292094,2.711200649377544,1.1141086069044932
2023-10-24,0.03143380361674108,0.4,7105932,0.0,290.97474218433166,0.0,16.290346455390793,4.664940128672463,852.0920061339986,2.5689051743942706,0.8832455641288848
2023-10-25,0.035363029068833714,0.45,7105932,0.0,307.6657840036182,0.0,14.389819877550494,2.0363676473958314,707.8413102086403,2.095224897056738,0.6923938516752236
2023-10-26,0.04557901524427456,0.58,7105932,0.0,346.8867196343445,0.0,15.875287932864174,0.70178530343075,642.8269968685278,2.523963696472708,0.7636147122156622
2023-10-27,0.05265162105804131,0.67,7105932,0.0,284.2671238467992,0.0,8.013497619165104,-2.9035365965709694,493.4358945300809,1.3540506140627335,0.2015056087506032
2023-10-28,0.06601098759515626,0.84,7105932,25.83712116206369,259.25704518496354,25.83712116206369,4.305581428669133,-7.852629419026151,338.6372577272645,0.8022048744308834,0.0611314098125998
2023-10-29,0.11630507338194199,1.48,7105932,3.0808805922529503,180.66291803891312,28.9181907911422,-5.83379238595346,-13.273272037205713,221.1587126170626,0.5412876524995223,0.0519503587667972
2023-10-30,0.08880049521729354,1.13,7105932,0.0,435.5780218738864,28.9181907911422,1.1907042901152414,-16.999697525555018,161.65363053096783,1.1022048876660138,0.2491621451326351
2023-10-31,0.08801465012687502,1.12,7105932,0.0,394.07349472555353,28.9181907911422,4.472953241118048,-10.62184323335724,272.12698988297484,1.3850069021538816,0.4478127738308122
2023-11-01,0.08408542467478239,1.07,7105932,0.0,403.53542559444566,28.9181907911422,10.45839858989324,-6.2430792958486805,383.15934768221126,1.965276544575008,0.5992188525579879
2023-11-02,0.07937035413227123,1.01,7105932,0.0,358.9048502132515,27.130279551829616,12.33942427039822,-1.7447461336588277,537.9506739044093,2.160841617038121,0.723799926298638
2023-11-03,0.07151190322808595,0.91,7105932,0.0,332.34166674561675,24.17799037040833,13.955716282591132,1.0302104079178052,659.0827248991324,2.2689051185039326,0.7039876324532385
2023-11-04,0.06208176214306363,0.79,7105932,0.0,330.2887275064262,21.671295218403426,12.978780407381096,-0.029906766026831,609.3794327580056,1.852488320601051,0.6795413914354016
2023-11-05,0.04872239560594867,0.62,7105932,0.0,351.1037885837234,18.49440975172387,16.635859885353337,1.5619818635591851,682.764633080664,2.285964511392158,1.0202620715912936
2023-11-06,0.0408639447017634,0.52,7105932,0.0,306.0991371426815,14.856906782488869,14.975889967718574,2.6611893725242,739.5266977862655,2.3648355871690554,1.0008151806300507
2023-11-07,0.03379133888799666,0.43,7105932,0.0,288.20372945721346,10.76383271306862,15.46523997854853,3.745248842798103,798.6781217871375,2.4895930480368262,0.9801701009311076
2023-11-08,0.03300549379757813,0.42,7105932,9.099314566642038,192.77840049948395,9.645587748058562,6.117670420631886,-3.337866941625101,479.6362023658169,0.996661212960373,0.1998702241461011
2023-11-09,0.04557901524427456,0.58,7105932,0.0,272.9953442448946,9.51084537002652,2.243709214221317,-7.749089093296627,345.4296364771623,0.7952248863899334,0.123123343696019
2023-11-10,0.04243563488260046,0.54,7105932,0.0,335.5776103729712,9.5086228699412,5.6042699132260605,-7.977315104817269,335.84543650664256,0.9547184003575466,0.2956053921970443
2023-11-11,0.03457718397841518,0.44,7105932,0.0,352.08646996771944,9.44792361053394,8.149642196548092,-7.101189412922884,359.93778901150006,1.637520491303372,0.5603061587358128
2023-11-12,0.029862113435904027,0.38,7105932,0.0,342.3823440626734,8.740432112076068,10.732834879841658,-4.314044324219548,445.3577600945088,2.1674436214995407,0.6102670931209313
2023-11-13,0.03143380361674108,0.4,7105932,0.0,301.1914888208693,7.290981430813332,10.100960100629818,-2.549618257238053,506.43688217764816,1.839725324079344,0.697879552668463
2023-11-14,0.032219648707159605,0.41,7105932,0.0,342.6016974932783,5.42309436729607,14.441186723592551,-1.5467053083774494,545.3307703438012,2.0674561889793104,0.8611011834277964
2023-11-15,0.032219648707159605,0.41,7105932,0.0,322.67808090734803,3.5961546959918453,13.55596199206265,-1.22503716076614,558.9394479650414,1.724744895070179,0.7915799349820535
2023-11-16,0.032219648707159605,0.41,7105932,0.0,296.6280400421692,1.9146302120202248,13.886707820774577,0.1333110766860584,617.3249120530843,2.1367267403266763,0.7319213765250563
2023-11-17,0.03379133888799666,0.43,7105932,0.0,292.18413806601444,1.1661055830979774,11.016431923640738,-2.6777422173101018,501.5946750244356,1.510192755263834,0.5373856482809791
2023-11-18,0.03300549379757813,0.42,7105932,0.0,272.96561234156843,0.6122540055267361,10.447700648519874,-2.33159000934845,514.6373272636637,1.297013961999981,0.5696862688799924
2023-11-19,0.03300549379757813,0.42,7105932,0.0,204.3982440150173,0.4786430654458957,5.595337012499904,-3.1716945849838254,485.364114068055,1.2028600201282926,0.339390199772729
2023-11-20,0.03300549379757813,0.42,7105932,0.0,105.9965854129068,0.448643063273315,1.0438062284886649,-3.144887256216038,489.3679448180974,0.7306035047171021,0.1146579326568242
2023-11-21,0.03457718397841518,0.44,7105932,0.0,295.44716627849834,0.448643063273315,5.666396631466976,-8.5166624184443,323.7758762186114,1.2714753758476258,0.3366612104856954
2023-11-22,0.03379133888799666,0.43,7105932,0.0,329.7340933516296,0.448643063273315,13.75998994897681,-5.596963566106855,404.4697235672632,1.9495904981541785,0.8037230829395332
2023-11-23,0.035363029068833714,0.45,7105932,0.0,209.87687765964705,0.448643063273315,3.108254984402304,-5.904999398037694,394.047877835224,1.0758850980018266,0.2171147797372639
2023-11-24,0.029076268345485497,0.37,7105932,0.6415056090154709,147.79161311415496,1.0901209477631375,-6.8821343246749285,-12.206503725838896,240.66035648099384,0.2022048664758378,0.0006614589747578
2023-11-25,0.02593288798381139,0.33,7105932,0.0,224.53959200132005,1.0901209477631375,-5.740924803033438,-14.177964018862204,205.1119591567683,0.3149678830207106,0.0142308173712196
2023-11-26,0.029862113435904027,0.38,7105932,0.0,312.1264713417601,1.0901209477631375,-1.356533948131421,-14.915265164658267,193.1772938214428,0.9609172138141056,0.240798794028815
2023-11-27,0.02278950762213728,0.29,7105932,0.0,318.31061103612194,1.0901209477631375,1.6238730064165785,-12.740035301103717,229.5703704322602,1.1105581717541015,0.3333891963716927
2023-11-28,0.02278950762213728,0.29,7105932,0.0,347.2679163944936,1.0901209477631375,8.259396531471634,-10.266422997107354,280.1088824777408,1.8269497496633875,0.5533715577994873
2023-11-29,0.02593288798381139,0.33,7105932,0.0,332.9937765710942,1.0901209477631375,8.340515334915267,-8.577921094049712,320.255236031262,1.3641300094177216,0.599349876574039
2023-11-30,0.03064795852632255,0.39,7105932,0.0,238.25341186100485,1.0901209477631375,0.7851039345125201,-8.978735026445708,310.57397588206226,0.7736802298640879,0.2352752927097007
2023-12-01,0.03641082252272508,0.4633333333333334,7105932,0.0,248.4621369500176,1.0901209477631375,-0.8934559621328938,-11.009616962349709,264.5108531496754,0.5609172300486175,0.1043706683558631
2023-12-02,0.04217368651912761,0.5366666666666666,7105932,0.0,229.3900914883694,1.0901209477631375,-2.1273604645298154,-11.354240801617648,257.1608370549885,1.2411616406588524,0.2668350771692833
2023-12-03,0.04793655051553014,0.61,7105932,7.899736675009159,189.7409967723113,8.990090741458758,2.015020784953273,-8.510021511787759,322.13206028034114,1.2083533165571114,0.3032392658142113
2023-12-04,0.05369941451193267,0.6833333333333333,7105932,0.0,308.88643084200794,8.935701122478585,8.80213306658181,-5.887112309894559,393.74954647349216,1.5944311525684405,0.4392755466811494
2023-12-05,0.059462278508335215,0.7566666666666667,7105932,0.0,337.9433563028636,8.749147075241183,12.970138587773825,-5.557466336757723,403.7631163950964,1.652488366863927,0.6902330770395828
2023-12-06,0.06522514250473774,0.8300000000000001,7105932,0.0,312.03217032202923,6.846599464589528,14.63147661051222,-1.4682927983255034,548.6190873720761,1.6925790843096098,0.875974541213901
2023-12-07,0.07098800650114026,0.9033333333333332,7105932,0.0,259.84538652771624,5.045696109612161,9.934858316676474,-1.711961688007983,539.6605996526848,2.253143528539016,0.6617802610524403
2023-12-08,0.07675087049754281,0.9766666666666668,7105932,14.477951283747473,142.58007209799936,18.017180277085565,-0.331771440012668,-7.982459438918021,336.7999306527735,0.6313846524106894,0.1589278047501898
2023-12-09,0.08251373449394532,1.05,7105932,0.0,252.00334187089845,18.017180277085565,-1.1768199660600214,-11.749804785498837,249.2984421528059,0.5470706877374101,0.0969320900665019
2023-12-10,0.08827659849034787,1.1233333333333335,7105932,0.0,337.866287679385,18.017180277085565,5.6725526216785,-12.943779751562683,225.76144800598288,1.685662082299877,0.4399004613548137
2023-12-11,0.09403946248675041,1.1966666666666668,7105932,0.0,253.6449669069797,18.017180277085565,4.094058209813119,-6.926940941699464,363.585303528747,0.864545796768212,0.2596169821697412
2023-12-12,0.09980232648315292,1.27,7105932,0.0,159.15863639809427,17.933420665200746,0.209450672002676,-6.007937508655521,390.3575143735986,0.55035908974372,0.1492629461520802
2023-12-13,0.10556519047955545,1.3433333333333333,7105932,7.1611453201483295,97.76858945762206,22.42393979353974,-1.2516567939468812,-6.196652342363884,385.13286476860986,0.4000000059604645,0.0429557765493397
2023-12-14,0.11132805447595795,1.4166666666666663,7105932,0.0,198.2696474605684,22.41607409765967,-0.1628978183011691,-7.69796265296556,343.27622220497267,0.4299483473781254,0.0462756711995273
2023-12-15,0.11709091847236054,1.4900000000000002,7105932,0.0,298.2646299277833,22.415551230576103,5.286808625717855,-7.97921251989333,331.7338846424626,1.4419301891110623,0.36991306728615
2023-12-16,0.12285378246876306,1.5633333333333337,7105932,0.0,309.55752456586214,22.415551230576103,8.179647228197227,-6.474675546444015,363.0627049718498,2.0623409432368773,0.6083746961634418
2023-12-17,0.12861664646516557,1.6366666666666667,7105932,0.0,279.7648742183624,21.23783539230522,9.17124479141706,-3.1944223535260634,468.81909875243736,1.747776230817119,0.5882109175990627
2023-12-18,0.1343795104615681,1.71,7105932,0.0,301.1739698392973,20.955167013976737,8.548402428431759,-5.325552458665195,401.1819675710379,1.2992188258241368,0.5593234252926682
2023-12-19,0.14014237445797062,1.7833333333333332,7105932,0.0,287.0569246380308,19.346782207027864,11.310377932622176,-2.056881674654435,504.9166475507254,1.980962604498313,0.7267103585282815
2023-12-20,0.1459052384543732,1.856666666666667,7105932,0.0,257.4855725429093,18.03982232562297,9.211000427845908,-2.207708205289446,515.3387220819335,1.1780395887804311,0.5214665572927447
2023-12-21,0.1516681024507757,1.93,7105932,0.0,229.15341074057875,16.90137459016107,7.0498664145116985,-2.69639032150946,499.5580662615251,1.239372549841622,0.3422275407497235
2023-12-22,0.15743096644717824,2.0033333333333334,7105932,0.0,270.246973040363,16.561698505526092,6.94164043507979,-4.866934634282334,422.1712515139979,0.9652765495839912,0.4103767121372856
2023-12-23,0.16319383044358077,2.0766666666666667,7105932,0.0,209.3650901018709,15.67989916955852,5.062770565345844,-3.400349013553363,475.8300883718621,0.6298853628608672,0.1455285387648523
2023-12-24,0.1689566944399833,2.15,7105932,0.0,190.0913262767967,15.67989916955852,-3.291616498441381,-10.59032636093105,275.2632300314531,0.2255260207475214,0.0038289025224556
2023-12-25,0.1747195584363858,2.223333333333333,7105932,0.0,264.277550152181,15.67989916955852,-4.850142382679529,-15.948140340802407,176.72472816170256,0.653269508375514,0.1338213414800501
2023-12-26,0.18048242243278836,2.296666666666667,7105932,0.0,272.0431174486968,15.67989916955852,-0.8056268109431324,-12.481994404095282,234.69973188133275,1.2375078802221706,0.2552022139018588
2023-12-27,0.1862452864291909,2.37,7105932,0.0,233.7570154786756,15.67989916955852,0.6688748910033735,-8.671056963175747,319.72169153771745,1.024404700793381,0.2266271870822198
2023-12-28,0.19200815042559344,2.4433333333333334,7105932,0.0,303.83174709854984,15.67989916955852,2.8332241139728693,-10.949949569961683,264.6539372082123,1.361257415552561,0.3376452058170698
2023-12-29,0.19777101442199596,2.5166666666666666,7105932,0.0,321.771972806204,15.67989916955852,6.978304171060543,-8.830322536996228,305.27063150154754,1.720045343520164,0.5324946508774667
2023-12-30,0.20353387841839848,2.5900000000000003,7105932,0.0,312.55153396181566,15.67989916955852,8.292773065690772,-6.687379321629054,356.1568999740448,1.7645457886141582,0.6376074086858294
2023-12-31,0.20929674241480103,2.6633333333333336,7105932,0.0,260.0966116814014,15.67989916955852,2.905405094810708,-7.755474395350633,341.24390510096714,0.7631472880028948,0.2276300815692908
2024-01-01,0.21505960641120356,2.736666666666667,7105932,0.0,323.8283617544251,50.75763647311786,5.086154760454678,-9.928900093760133,287.69947766302454,0.9375204727798984,0.3594305133776774
2024-01-02,0.22082247040760608,2.81,7105932,0.0,261.6215689833224,50.75763647311786,1.0381579949346038,-9.321785178790693,303.05326207879347,0.7952248863899334,0.2399861446886979
2024-01-03,0.22658533440400858,2.8833333333333333,7105932,0.0,290.0611666102275,50.75763647311786,1.6802834859114335,-10.344858198873606,278.4588880737197,0.9375204727798984,0.3003552912167582
2024-01-04,0.23234819840041115,2.956666666666667,7105932,3.851921399534536,126.61664397028328,54.59796773148255,-2.859089063959006,-8.821776468477152,314.98821632757245,0.5058586491442933,0.108461636408771
2024-01-05,0.23811106239681365,3.03,7105932,0.6794393303672324,234.69334959914733,55.27757597161852,-3.272255252520601,-12.292697528965514,240.9647605812367,0.4036285845762057,0.0555751546353751
2024-01-06,0.24387392639321617,3.103333333333333,7105932,0.0,227.7058895822885,55.27757597161852,-5.276481074418441,-13.65400915036532,215.17669775781272,0.6014237111103207,0.1285296705855001
2024-01-07,0.24963679038961875,3.1766666666666667,7105932,0.0,246.03977652750763,55.27757597161852,-4.148654421178686,-13.316338660961222,220.39471395943607,0.6164167851145804,0.1446226540841683
2024-01-08,0.25539965438602125,3.25,7105932,0.0,188.2309922089396,55.27757597161852,-7.487322619839368,-14.117117267660069,207.608372385862,0.735391203996981,0.1119642190743625
2024-01-09,0.2611625183824238,3.3233333333333337,7105932,0.0,358.5108877429286,55.27757597161852,0.6059795988098686,-16.44481423947407,169.6602011324101,1.256507500287071,0.2667078297076934
2024-01-10,0.26692538237882635,3.396666666666667,7105932,0.0,207.6007072638095,55.27757597161852,-4.380803823664444,-11.862376251763806,247.87377061876305,1.130603484119443,0.230527909725803
2024-01-11,0.27268824637522887,3.47,7105932,0.0,226.5308707584373,55.27757597161852,-6.629690078984913,-14.728683383725848,196.19043937299568,0.5185460576362118,0.0755688556853324
2024-01-12,0.2784511103716314,3.543333333333333,7105932,0.0,316.1483903413638,55.27757597161852,-6.726517576342703,-19.331111276902217,132.69558520591633,0.7926672585097339,0.1570681620150319
2024-01-13,0.28421397436803386,3.616666666666666,7105932,1.0314602569201827,269.57509780581944,56.30903643483821,-7.3610268587187155,-17.12409089905377,159.7924439395512,0.3197429809722608,0.0247889627688805
2024-01-14,0.2899768383644365,3.69,7105932,0.0,256.0259336471797,56.30903643483821,-7.161538353100883,-16.21537724168471,172.5578890753975,0.3507244620794639,0.0364180422330872
2024-01-15,0.295739702360839,3.7633333333333336,7105932,1.897719547807741,269.56402843966055,58.20699726070852,-9.421933998520284,-21.07668784728981,113.7886010403445,0.2390575845738389,0.0127390699339773
2024-01-16,0.3015025663572415,3.836666666666667,7105932,0.0,395.5206447936311,58.20699726070852,-1.856319776803435,-22.617469996668245,99.2978509722961,0.933186327831352,0.2118936606437714
2024-01-17,0.30726543035364406,3.91,7105932,0.0,365.41395408319886,58.20699726070852,5.54283990631089,-10.876749400724854,266.6779351635154,1.4805467888737287,0.4138024469192884
2024-01-18,0.31302829435004653,3.983333333333333,7105932,0.7605190902884545,337.8109873862624,58.96833817060969,4.111237240959222,-9.529751782455143,296.97844242433814,1.111263712963139,0.242820964632158
2024-01-19,0.31879115834644906,4.056666666666667,7105932,0.0,318.75603298722194,58.96833817060969,0.1180912175476156,-11.76709197723131,248.30376193342263,0.7470706844113554,0.1744349234630325
2024-01-20,0.32455402234285163,4.13,7105932,0.0,330.2332794124088,58.96833817060969,4.248811880707424,-8.356115669871933,325.5139326912879,1.034975439862038,0.3878845856113729
2024-01-21,0.33031688633925416,4.203333333333333,7105932,0.0,264.80442831205954,58.60726864316592,4.241222122176041,-5.139392712561715,416.8434320089121,1.2539372590291975,0.3362542424992587
2024-01-22,0.3360797503356567,4.276666666666666,7105932,0.0,324.8025194984908,58.501717321876,4.923382888066161,-7.127916095688461,360.1228887311183,1.0200453687182776,0.2773881802593293
2024-01-23,0.3418426143320592,4.35,7105932,0.0,344.8204438636205,58.49553865979085,3.9173931790769454,-9.168097523608402,307.31892203347456,0.7952248863899334,0.1974587327140891
2024-01-24,0.3476054783284617,4.423333333333333,7105932,0.0,352.1314627979149,58.49089332983597,3.804080878684213,-9.591881084610351,297.5837882812008,0.8525135398992469,0.2391772704358303
2024-01-25,0.35336834232486425,4.496666666666666,7105932,0.0996951002031996,329.88259420915165,58.58218219073874,2.2715383750677884,-9.562299370810738,298.50638888016493,0.9014237191299505,0.2120599720082145
2024-01-26,0.35913120632126677,4.569999999999999,7105932,0.0,195.099133989801,58.35163149287571,-0.1332531065683722,-6.314082121179192,383.8694865613766,0.4682373711763046,0.0248443990919062
2024-01-27,0.3648940703176693,4.643333333333333,7105932,0.0,385.8352414516021,58.35163149287571,2.6398979433991374,-12.741775180164923,233.2717067376783,1.1992188450129726,0.2842925505676722
2024-01-28,0.3706569343140719,4.716666666666667,7105932,0.0,397.6015561557888,58.350467325007855,8.341878518689349,-8.309517372280817,326.22351498319654,1.7014237088371282,0.5513355177108473
2024-01-29,0.3764197983104744,4.79,7105932,0.0,387.5772049778788,58.16453191624099,9.262227551588948,-6.266012322381504,383.61971665245767,1.5014237120693117,0.4847990407313808
2024-01-30,0.382182662306877,4.863333333333333,7105932,0.0,409.1398866491712,58.04359349445083,10.922208692890216,-6.733025092448998,366.67938478500366,1.3788080850025406,0.5938213497636838
2024-01-31,0.38794552630327944,4.9366666666666665,7105932,0.0,382.3686607757832,57.18101547247567,11.01355287141669,-3.797560808354306,456.3631380976815,1.8075721125406263,0.6804082116387389
2024-02-01,0.39370839029968197,5.01,7105932,0.0,317.3731629894438,56.33657650570132,7.108779214109474,-3.6632505819901744,466.4882825188422,1.7856620844386453,0.5492629485848538
2024-02-02,0.39947125429608454,5.083333333333333,7105932,18.373275912197016,209.7411184600488,55.59649151164878,5.136468424580175,-3.894112368006693,459.0346808724908,1.366032476672691,0.3157150109712852
2024-02-03,0.405234118292487,5.156666666666666,7105932,16.87561181409541,93.26199672065032,64.33078871377695,-2.029304531921408,-5.524203115151213,408.4389799583525,0.618621648281636,0.0247776232335021
2024-02-04,0.41099698228888965,5.23,7105932,0.0,381.11437173530726,64.33078871377695,2.926531451286438,-10.390448496716289,280.82813290719406,1.1383016582729082,0.2200995360132547
2024-02-05,0.4167598462852921,5.303333333333333,7105932,0.0,423.5556540463364,64.33078871377695,7.338457866926794,-9.693782270262576,293.3265427691188,1.387942520845472,0.3932531143941009
2024-02-06,0.4225227102816946,5.376666666666666,7105932,0.0,341.1407782684513,63.10724863547048,8.99506249679521,-2.7788660624202377,495.1788826464584,1.9480786093749936,0.6685032243578141
2024-02-07,0.42828557427809716,5.449999999999999,7105932,0.0,271.14722477135604,62.57017392728885,4.206759519230152,-4.207696880897887,451.558355976656,1.653924629867594,0.3184314018400065
2024-02-08,0.43404843827449974,5.523333333333333,7105932,0.1332405195948728,295.33615805553933,62.6038188626728,1.2384931207946042,-7.691733644338162,344.47546253298054,1.4808870270403325,0.2843832709754131
2024-02-09,0.4398113022709022,5.596666666666667,7105932,1.9236688974470784,271.65267473903066,64.43754343462632,-0.2965251323132786,-9.48097769193059,300.6201368161048,0.94707067400739,0.1653546697887347
2024-02-10,0.4455741662673048,5.67,7105932,1.7637734646642929,236.74367243471315,66.13237572410206,-5.187422173666357,-12.269075196141088,245.3345939075825,0.5186216532733467,0.013647473551576
2024-02-11,0.4513370302637073,5.743333333333333,7105932,0.0,413.9500460312889,66.13237572410206,-2.4150081707055047,-16.242174625576958,170.65873502174037,0.7576792181116424,0.0804737296260032
2024-02-12,0.45709989426010983,5.816666666666666,7105932,0.0,433.329212105573,66.13237572410206,2.396464664996641,-12.797042902071375,205.6776471459416,1.3090714538549466,0.2851656747300634
2024-02-13,0.46286275825651235,5.89,7105932,0.0,383.67771721487,66.13237572410206,3.3415320718751764,-8.87665248352739,288.198458705814,1.562340934510583,0.3191785346681439
2024-02-14,0.4686256222529149,5.963333333333333,7105932,0.0,381.70399376474006,66.13237572410206,4.841726095531935,-7.357094657590832,316.7770966256733,1.539712732063818,0.3353382884344646
2024-02-15,0.4743884862493174,6.036666666666666,7105932,0.0,431.2354414888092,66.13237572410206,5.885863713177591,-8.60922890080753,268.9115644399444,1.5473604597281758,0.331757595581673
2024-02-16,0.4801513502457199,6.109999999999999,7105932,13.7758472377022,263.5355183218203,79.90876555373718,-1.118891274345541,-11.074642798274892,264.30624824515274,0.665692332433155,0.0477031615545253
2024-02-17,0.4859142142421225,6.183333333333333,7105932,0.0,417.70467487155935,79.90876555373718,-2.099197431914418,-14.498357078929052,199.1389756319849,0.8631220833846988,0.0979891665813993
2024-02-18,0.491677078238525,6.256666666666667,7105932,0.0,500.2949966636369,79.90876555373718,5.277127338984728,-13.642799544938192,186.28161636089152,1.6609172462831283,0.3680534188116889
2024-02-19,0.49743994223492755,6.33,7105932,0.0,464.3794412784737,79.77749426815177,8.938872310306316,-6.543521480925574,316.28562178052414,2.187866946124033,0.5186191135950559
2024-02-20,0.5032028062313301,6.403333333333333,7105932,0.0,431.52696715378113,78.63777555397449,10.364031819082468,-3.2843631009874104,408.6005963189364,2.590021470218758,0.6611629175316764
2024-02-21,0.5089656702277326,6.476666666666667,7105932,0.0,394.1360896195724,77.40549342902943,8.499700116828837,-3.067245820457184,440.6243800629111,2.295854839702479,0.51156481745277
2024-02-22,0.5147285342241351,6.55,7105932,0.0,379.6275149029749,77.30705932860745,3.3584603619985525,-7.261146480676371,343.06726607132475,1.3079879207756473,0.2353823897188851
2024-02-23,0.5204913982205377,6.623333333333333,7105932,0.0,464.6086444083337,77.30163410296592,5.344259813989275,-9.149023531065096,269.4216777930801,1.887892152675231,0.3961055742503264
2024-02-24,0.5262542622169402,6.696666666666666,7105932,0.0,507.0539414207685,77.30163410296592,9.928289082483785,-8.04700265700321,254.00765302191152,2.6279576845759025,0.6826609537330219
2024-02-25,0.5320171262133427,6.77,7105932,0.0,433.9647372556872,76.34570884411713,9.564127538822092,-3.7073302063516,382.29721681456175,3.265200976867645,0.7552060091752345
2024-02-26,0.5377799902097452,6.843333333333333,7105932,0.0,362.7123883634155,74.32811420653525,9.242500922534813,-0.8729381353494741,483.7132827933734,2.8757590602323475,0.5855751594969046
2024-02-27,0.5435428542061478,6.916666666666666,7105932,11.303263183743702,318.8268763092914,83.55378345338045,3.858740086208559,-8.288052150310097,315.325129013571,1.3842383522492925,0.2379664877950355
2024-02-28,0.5493057182025503,6.989999999999999,7105932,0.0,537.8561488725052,83.55378345338045,4.067441086542611,-15.036426818144024,158.17010147769517,1.625526032099964,0.310105834193354
2024-02-29,,,7105932,0.0,505.1119420985303,83.55271377202408,9.417927369342063,-6.742878884140904,284.5844689458477,2.523988930632639,0.6820851623734133
2024-03-01,,,7105932,0.0,466.9949141419834,82.68119272068884,10.08295574569125,-3.640522864741432,370.4021358136731,2.8765402216296714,0.6540128607037715
2024-03-02,,,7105932,0.0,415.6746689136912,80.83573106416125,10.353198943607326,-1.1093675120134894,469.7665139816262,3.046213940137035,0.6600655078121946
2024-03-03,,,7105932,0.0,429.29379536610816,80.70710803106324,5.110068129001735,-6.651079725510258,328.66912368864774,1.9641174627548952,0.2976288270785854
2024-03-04,,,7105932,0.0,403.2702669823997,80.70710803106324,2.640211687984992,-8.192589100893818,307.25981601341647,1.6864432697559275,0.2656116920314598
2024-03-05,,,7105932,0.0,386.8050121698117,80.70710803106324,2.804082174888107,-7.278775357533207,333.46591003887045,1.5631221014801189,0.2549981141576271
2024-03-06,,,7105932,0.0,519.7307406475098,80.70710803106324,7.151870954843254,-8.767032926022834,244.7629543524088,1.8689051432169184,0.3869786994578452
2024-03-07,,,7105932,6.8293184045131,354.7106959355092,87.02378477500669,4.555253862553644,-8.527534408985074,313.3686167796401,1.5784553392596994,0.2219919380172757
2024-03-08,,,7105932,0.0,342.0451733672199,87.02378477500669,-1.8539171000376773,-10.06013229966569,290.09576507910555,0.6470706912241729,0.0335731382728283
2024-03-09,,,7105932,0.0,564.8830026302406,87.02378477500669,4.307648969324407,-14.361888644345926,166.57006970896165,1.6050648805971055,0.2434925103166533
2024-03-10,,,7105932,0.0,560.6742218698138,87.02378477500669,10.433072872121008,-8.074351771886842,218.82016766934936,2.533488702095169,0.591354410117709
2024-03-11,,,7105932,0.0,510.99185507487033,86.64140623529293,10.6082738860362,-4.687116038698656,299.7319296449592,2.881668166638441,0.6511024445824766
2024-03-12,,,7105932,0.0,455.3152599087196,85.75567598740606,9.374040549747942,-3.1656671037046293,366.7491827656342,2.6553735742945053,0.5497051858700716
2024-03-13,,,7105932,43.15147263525835,307.7701614993156,95.73112926000128,6.312150704195323,-4.321472840731676,427.6978358157834,1.8207509325120463,0.2864445009072511
2024-03-14,,,7105932,27.833978823454764,152.7132272459599,114.33077009940484,-1.6639536240302273,-6.165120357122562,389.0283673711669,1.016416787387773,0.0524089700302196
2024-03-15,,,7105932,1.285260174550652,310.6698233955404,115.50564722914496,0.543302252814521,-7.393716830487542,353.83702160649125,1.184666743773544,0.0952576525754361
2024-03-16,,,7105932,0.0,466.4024849952101,115.50564722914496,2.8079942132514004,-8.665832087812486,319.0828227537831,1.6561421054998928,0.1967809006798938
2024-03-17,,,7105932,0.0,253.4010684366744,115.35262481532766,-0.3626647352744246,-5.996512502946284,394.2510907429208,1.4591281269394778,0.2041060835436592
2024-03-18,,,7105932,0.0,574.371009129758,115.34827304910736,7.519833676022306,-8.788821947068458,306.18591674251013,2.2283985667044246,0.3917752373116403
2024-03-19,,,7105932,0.0,590.7904372213467,115.31980259195896,9.691630325675444,-7.546321029460022,322.6565473973938,2.7809625594429987,0.5771235876236872
2024-03-20,,,7105932,0.0,579.3056866594266,115.16147578007416,10.105658231941652,-6.203031396289848,358.62959258598715,2.6809626495536274,0.567122347903549
2024-03-21,,,7105932,0.0,591.8200385338924,114.99107259476648,11.189023566032755,-5.905500798767903,357.55357213000497,2.9221746166061493,0.5925576439564063
2024-03-22,,,7105932,0.0,525.7779271944171,114.54482566071226,9.052082595678606,-4.449934446978392,421.23678369319,2.784238369740931,0.5080886943613353
2024-03-23,,,7105932,0.0,537.4304438376284,113.64477186273896,10.953245479874036,-3.4496938550263487,439.89305223751177,2.881668166638441,0.5732165760893025
2024-03-24,,,7105932,7.857478985546725,384.3524519161085,119.46068017831504,6.597037902718844,-6.213488713851185,387.12707279989206,2.086783427532484,0.2869875301968708
2024-03-25,,,7105932,0.0,391.89778348680727,119.46068017831504,-3.0030956619615217,-11.374718371755726,258.66473572461746,1.0554743738157617,0.0664243416336661
2024-03-26,,,7105932,0.0,587.6492148734948,119.46068017831504,1.3777623791803786,-13.801144073393086,210.39442951384547,1.6433790937634931,0.2040796301178507
2024-03-27,,,7105932,0.0,583.2952075144556,119.46068017831504,3.749073970335863,-11.357070637542291,253.8950259408257,2.1809626082501685,0.3511112535313002
2024-03-28,,,7105932,0.0,601.851717783219,119.41283454825326,10.005200969762848,-6.553095616335468,342.7137972666029,3.246239155805033,0.616675064348823
2024-03-29,,,7105932,0.0,559.6836143975236,118.73528469667724,10.39065633115111,-3.716302128680236,434.1192650638179,3.131309060616653,0.6070845308465439
2024-03-30,,,7105932,0.0,560.3182397231775,117.66119465047532,11.37156490139927,-2.769324681863726,458.6545979789511,3.057918609412712,0.5377485202319137
2024-03-31,,,7105932,0.0,553.8106341713453,116.41927022280312,11.591426125308104,-2.303527783687429,474.3602452565909,3.451354438807692,0.6152954394779502
2024-04-01,0.7394802300838339,9.41,7105932,3.677932482933245,317.94815811708975,118.28959580784677,3.6996182718835087,-4.722737831764201,435.1820691706958,2.132808324926307,0.2937507869949624
2024-04-02,0.6687541719461664,8.51,7105932,0.0,562.1986451910171,118.13944820073864,7.865938017346386,-5.772877689436427,381.9506969204383,3.083872989456524,0.5088496803523941
2024-04-03,0.6161025508881252,7.84,7105932,0.0,606.0944226517157,117.21046722621658,13.11104952882004,-2.95867833853823,433.5164475058282,3.799584212314576,0.7924215744195663
2024-04-04,0.6436071290527735,8.19,7105932,0.0,606.3857021536052,115.63704258256824,15.27822976678899,-1.285944299027746,472.8705264429488,3.7094116281528864,0.9578430177929026
2024-04-05,0.7583405122538786,9.65,7105932,0.0,529.2860541788864,113.16256427320316,14.313124612940635,1.205713745317832,600.9623620176368,4.483822630472171,0.8789744330125382
2024-04-06,0.7937035413227121,10.1,7105932,0.0,413.4331013661599,112.70213082198066,4.588093734814866,-4.217553215723964,455.9399845738005,2.9272520847039387,0.4522048543551502
2024-04-07,0.7001879755629076,8.91,7105932,0.0,569.4500661597407,112.52569523412782,7.754853217175524,-6.039126829651481,371.8118330849888,3.568854713133545,0.5998588830018594
2024-04-08,0.6271043821539846,7.98,7105932,0.0,531.9682380644547,112.49565598861656,5.765779291215193,-6.491006689346811,364.7643817383981,2.675519779225028,0.4936323573746426
2024-04-09,0.5540207887450614,7.05,7105932,0.0,600.7654363231603,112.4348156693391,8.730696718173403,-6.052789494690011,352.6805204603193,2.756898043962815,0.5210457286749705
2024-04-10,0.5037267029582758,6.41,7105932,0.0,559.3685289392304,112.18084909886784,7.9058888242994785,-5.034019170719713,394.5726813669241,2.688282775746736,0.4846881649927331
2024-04-11,0.4636486033469309,5.9,7105932,0.0,603.7806721500234,111.75159994348611,10.30557266098134,-4.510220511968631,387.3098625153306,3.0291797881975286,0.5607609966396908
2024-04-12,0.4636486033469309,5.9,7105932,0.0,665.1768893260745,110.5176176979783,16.99742347190523,-2.433889394865629,402.45491341389857,3.990071762264472,1.0155222397750543
2024-04-13,0.5453764927504577,6.94,7105932,0.0,587.9995168902434,107.71908211632972,17.351586107674805,2.248151697007206,595.1120819172539,4.277976590829786,1.1819566502309162
2024-04-14,0.6931153697491408,8.82,7105932,0.0,603.3097819130892,104.98524409937316,18.219305694020623,2.098803073259795,576.6065137569256,4.75243798806593,1.1530225543091484
2024-04-15,0.8565711485561944,10.9,7105932,0.1309839990513329,532.834785083657,102.89681904956072,13.257767363941545,0.2014413457610256,551.0936901452515,4.8009323664661965,0.9191848294657156
2024-04-16,0.8958634030771208,11.4,7105932,0.0,564.1055237523882,101.49640623796522,12.804311464667032,-1.3677119760879328,486.9824257276664,3.9903742180252695,0.6815295395148825
2024-04-17,0.9115803048854912,11.6,7105932,0.0,627.8826479580774,99.8986958834391,16.30527151010942,-1.09495528070384,452.1990426846832,4.183091918181844,0.8714930111535536
2024-04-18,0.9744479121189734,12.4,7105932,2.796991311679247,221.89191752536263,98.46033212257538,4.391669396686061,-1.704500450720407,539.8895862411607,1.6682373941793265,0.0754705795588076
2024-04-19,0.903721853981306,11.5,7105932,3.1503464704318644,408.1242001603078,97.88355799683757,7.9180445729356945,-3.8952538684316513,455.4209970150063,2.488723715141376,0.2914300085961465
2024-04-20,0.8487126976520092,10.8,7105932,7.214630223257769,360.08488672753185,99.78434653322417,5.355189630002088,-5.071728604032423,420.864395293478,1.7807357930199874,0.120565705517178
2024-04-21,0.7834875551472714,9.97,7105932,0.0,599.1755952800238,99.1184891246947,10.802042325257618,-3.7827302519824815,415.1935087984749,3.055474338114554,0.4388748844279379
2024-04-22,0.7858450904185269,10.0,7105932,0.0,650.6737914977541,97.24266162825212,17.86841759279781,-0.4818861003398623,472.6514505965742,4.68309192770417,1.0546994988422962
2024-04-23,0.8722880503645649,11.1,7105932,0.0,506.5250545471427,94.76921648983392,13.759371295629528,1.996172357659894,654.5463261988205,3.806564213903061,0.669373816757159
2024-04-24,0.9980232648315291,12.7,7105932,0.0,626.7027493611799,92.88823451325378,17.556899355988932,0.4246566780535762,514.8521913036044,4.257213097969199,0.8337394363546424
2024-04-25,1.1316169302026788,14.4,7105932,0.0635844780930316,580.0975254554359,90.50325805402392,17.069317202611906,2.1590311189389912,605.5216243552127,4.204283798853876,0.9625942065356222
2024-04-26,1.194484537436161,15.2,7105932,15.002047460536078,379.02455708793417,88.510571848074,13.714485229616187,1.6469799647729857,687.0511060582309,3.693725676504719,0.6670152465071862
2024-04-27,1.2966443991905694,16.5,7105932,17.15844278911116,194.54436171960512,87.82309987446786,2.7342282983214985,-2.4460602512422844,515.1966298773679,1.6014237206964774,0.0752929328414306
2024-04-28,1.194484537436161,15.2,7105932,0.0,543.1037903793276,87.66105287628058,7.970057954592353,-4.449009659002278,442.2427012080791,2.314186755785101,0.3328776654239504
2024-04-29,1.225918341052902,15.6,7105932,0.0,628.8119464771895,86.80882354922326,14.353018803096043,-2.1091294094884483,479.7012686146075,3.8244046907784193,0.7612548834117756
2024-04-30,1.2887859482863842,16.4,7105932,0.0,605.4303358937593,84.76543182495845,17.532940642876063,1.818529677282912,627.0566321660517,4.506425544779141,1.0137885682180632
2024-05-01,1.3673704573282368,17.4,7105932,0.3129645961950358,610.947024237378,83.51051981653092,15.08683767543416,-0.8116895589042071,528.0665587917508,4.198853485106941,0.7317790072751582
2024-05-02,1.3909458100407925,17.7,7105932,0.0,529.2847371014267,82.23313745629864,11.75023567771166,-0.6641867185783366,574.1035367723704,3.756205123333272,0.591304014082653
2024-05-03,1.3673704573282368,17.4,7105932,0.0,642.7883452965418,81.0672722953805,16.78894046729617,-1.07533827614233,476.9262572196354,4.64623921815974,0.8723396867892896
2024-05-04,1.3359366537114958,17.0,7105932,0.0,555.5952736142149,80.14498041678512,11.499139492707306,-1.78811388011612,482.6179598634903,3.6270253051208936,0.4893851534491508
2024-05-05,1.2730690464780137,16.2,7105932,0.0,602.1807574031483,78.67956756893626,15.958474313400243,0.2091923861023842,512.7422192748854,4.798084924935061,0.805231189087955
2024-05-06,1.2180598901487167,15.5,7105932,0.0,400.15471130963215,77.73814075600217,7.984661689675152,-0.6884376845706599,587.2924094520348,4.226483554252527,0.5898588906912113
2024-05-07,1.1316169302026788,14.4,7105932,0.0,541.3217603912487,77.1337724303334,10.747598556332552,-1.9973239226355213,487.527323156306,4.300932313417537,0.708973157731775
2024-05-08,1.021598617544085,13.0,7105932,0.0,518.659163500149,76.90794865076045,8.178251271526022,-3.727143728611592,444.7204992220536,3.63859144656352,0.5866864104106921
2024-05-09,0.903721853981306,11.5,7105932,9.37810767872952,264.1116242497065,76.99836616797273,3.3477296182885534,-4.110498947469115,452.7159229003166,2.341174255018797,0.3127982918672001
2024-05-10,0.8408542467478237,10.7,7105932,1.316002268679754,371.6911540233895,76.07107519685911,6.3334496528327,-1.3466889250371592,556.6077693532121,1.747070689608081,0.242803327507376
2024-05-11,0.7858450904185269,10.0,7105932,5.37881942913997,356.14665421529986,75.00470026281057,9.205476903849318,-0.785764146830872,580.4389268976772,2.908063505133557,0.3722401495219868
2024-05-12,0.7449811457167635,9.48,7105932,3.3686670025572867,390.0962835318858,74.01670984292456,9.101082340121286,-1.1204220827472244,553.8951897906525,2.972558916133251,0.4122867597370525
2024-05-13,0.669540017036585,8.52,7105932,0.0050800050012377,627.1489484050915,72.66958221819081,16.247119759017366,0.3974927413001933,528.192135215241,4.41527014768768,0.8322363620788454
2024-05-14,0.6318194526964955,8.04,7105932,4.732077570545503,498.98164278280063,70.76079674915778,18.67731882196027,2.7210709433366644,672.129465840183,4.440456033639135,0.9674184289314408
2024-05-15,0.6954729050203963,8.85,7105932,6.350592221535766,395.1645086556879,68.98105464474867,13.185291651470674,2.2841426293221674,706.9159837040053,3.679538842606517,0.5813015000832473
2024-05-16,0.9194387557896765,11.7,7105932,0.0,601.1087226651393,67.62326468979212,15.288699852033965,0.769996232695899,572.2943941250664,3.952198546524836,0.6622187267461829
2024-05-17,1.2966443991905694,16.5,7105932,0.0,646.4031035096575,65.56317396348378,20.66127009377967,3.1621494336468867,596.3965282461813,5.4283607235870415,1.2874020306142158
2024-05-18,1.4145211627533485,18.0,7105932,6.887454819616178,422.4104030974883,63.05826452629415,18.775212174476028,4.840462382410188,824.7773228563979,5.2455336227215135,1.067626312027744
2024-05-19,1.453813417274275,18.5,7105932,0.0,610.5045121029398,60.80352652534002,19.765052162911523,3.804382022027631,659.2896690681055,5.022917985165165,1.157587250474269
2024-05-20,1.4145211627533485,18.0,7105932,0.0,562.3049517344721,58.655409497278704,17.32561558560879,3.621578666249765,690.1810890631274,4.740456092022701,0.8687022818761461
2024-05-21,1.3595120064240518,17.3,7105932,0.0016530174984955,548.5133604088371,57.55765066583014,12.651705922476058,-0.1514350502342604,556.861765756375,3.7448028001464464,0.5912233803454583
2024-05-22,1.2730690464780137,16.2,7105932,0.0,656.1583292402274,57.06907123982853,15.11848298935892,-3.1275922819132824,402.5301833843063,4.63347622163803,0.8407735846288049
2024-05-23,1.1787676356277905,15.0,7105932,0.0,657.3474391087993,55.63851015246663,19.861534639166024,0.7367695620391668,509.738961733933,5.7162908636623975,1.218171857993008
2024-05-24,1.0687493229691967,13.6,7105932,0.0,561.1956794184132,54.03835066605141,14.871067202480216,1.2410155044934532,592.3918787468527,4.6138466366055,0.8550938633612603
2024-05-25,0.9351556575980471,11.9,7105932,0.0,584.610446379619,52.26992015413872,16.96760981741068,2.044952750598376,603.8120401023662,5.484540780004843,1.0813808889642562
2024-05-26,0.8015619922268975,10.2,7105932,0.0,545.4183175239691,50.53038455359473,16.43595819568189,3.1164520495160857,676.9779457610396,5.068098801726638,0.97874762195776
2024-05-27,0.6962587501108148,8.86,7105932,0.0,585.6656377176441,48.776390377273934,18.42771204914421,2.9660400644844027,637.4219062827283,4.768199545468701,1.1156570531190362
2024-05-28,0.6333911428773327,8.06,7105932,0.36810003608912,592.243102642846,46.773938343689245,20.03010981668975,4.029194883394859,649.2907349801684,4.702154477297156,1.0453017509387632
2024-05-29,0.579953676728873,7.38,7105932,0.0,606.5897628516954,44.80015303885229,20.713987720062228,3.824345482046064,628.1702633665835,5.178757739694889,1.044617614007738
2024-05-30,0.5375180418462724,6.84,7105932,11.853047821373664,412.6746509345814,42.74565616179071,19.09308187682516,4.581647961209068,801.5274259325266,4.995955539737973,1.093997742752141
2024-05-31,0.4832947306073941,6.15,7105932,17.630427701656174,417.55036476599525,40.974430907894565,18.57027204580116,3.730704308457318,769.861702717986,4.728449021957375,0.909705159975657
2024-06-01,0.44400247608646776,5.65,7105932,0.0,589.9472957465455,39.09380381062571,21.131072339354333,4.526264361354736,725.4358424537197,5.132808442888985,1.1073163505599015
2024-06-02,0.40785360192721554,5.19,7105932,0.0,602.4275497007807,37.13444664575327,23.484230760274183,5.674955303578559,765.7547221693839,5.909726496681211,1.4831888665176087
2024-06-03,0.3779914884913114,4.81,7105932,0.0,577.8263969214718,35.25293584679181,22.2840355177047,5.838317986683353,794.6561016146682,5.691520797075365,1.5504485492789204
2024-06-04,0.3497010652362445,4.45,7105932,0.0,482.5130974047576,32.79872507993138,21.626595708725205,9.1956985405024,1079.4558274417016,5.584200692414125,1.254815433763415
2024-06-05,0.3229823321620146,4.11,7105932,0.0,598.6736146749771,30.627654063967466,25.58771202560334,7.195611670769114,840.3054290652285,5.90899587834048,1.798770334928781
2024-06-06,0.29783528926862174,3.79,7105932,0.0,541.9530657988975,28.36805862771844,24.13699374151452,8.822402686695463,978.8260058412268,5.802154468742082,1.4592062558998038
2024-06-07,0.2781891620081585,3.54,7105932,0.0,584.0519537063603,26.201548373412304,26.93028120233382,8.802316998660418,925.995740027546,5.311200638389321,1.739663598909026
2024-06-08,0.25461380929560273,3.24,7105932,0.0,549.5131946134525,23.98299094941854,25.543832692659,9.11637019678524,980.6411550992138,5.767431044197057,1.508442716693433
2024-06-09,0.2428261329393248,3.09,7105932,14.099975979007487,343.5584006245226,22.195374961041733,19.36059093030765,7.119884096916787,1002.2198834221592,4.434257218620556,0.6073831548855407
2024-06-10,0.2781891620081585,3.54,7105932,0.0,442.49706517945634,20.442570379012565,19.48422464219572,7.600845358542056,1017.768715930432,4.235038407130972,0.6099559014084145
2024-06-11,0.23418183694472103,2.98,7105932,9.879215072427884,392.172922898348,18.86425599322536,22.78749174204794,7.333342603731773,1001.9320376649588,5.176552878499137,1.1535038351486948
2024-06-12,0.20982063914174667,2.67,7105932,0.4015875048313513,539.7381373363761,17.106961012277097,26.89332004108311,9.985484423138145,970.6180029733662,5.830162505531573,1.6819264010576804
2024-06-13,0.18703113151960943,2.38,7105932,0.0,546.6583256490194,15.405057463129864,28.54527905697153,11.174165394559411,928.9418666474804,6.136021240631369,1.93218969310488
2024-06-14,0.17288591989207594,2.2,7105932,0.0,438.0609947724624,14.010068024227625,21.49365642663437,9.28471207759896,974.0625919410768,4.820070551492199,0.93014109323919
2024-06-15,0.1603123984453795,2.04,7105932,0.0,528.7601387914999,12.889656145716543,23.972107702108417,7.870837873545613,779.785779443784,5.919264096253701,1.4822867480936823
2024-06-16,0.15245394754119423,1.94,7105932,0.0,543.6687497416175,11.482407807192391,27.409330882547888,10.062939463746742,868.3592896338328,6.5403804786862825,1.820041608882517
2024-06-17,0.13595120064240515,1.73,7105932,0.0,482.7908771712427,9.822751693466046,26.87468564794212,12.1893876816984,1080.2551507996689,7.370643757085617,2.0064243594600133
2024-06-18,0.12730690464780137,1.62,7105932,0.0,402.4696319760791,8.569306994439732,20.037471174547942,9.02073708736462,998.8107336178166,5.306488595892593,1.0175998591875055
2024-06-19,0.13516535555198664,1.72,7105932,8.109222642447495,264.4358060283355,7.675970767327453,14.67090468150145,5.545819561833231,911.0350967066944,3.468690930197457,0.3603489972980493
2024-06-20,0.16581331407830918,2.11,7105932,1.8476691436479205,495.7421625461026,6.638934087104454,23.17034277063451,7.094909944086121,799.219745964251,5.687892175162335,1.039840000213747
2024-06-21,0.14066627118491634,1.79,7105932,0.0453256903779706,466.67611304839824,5.436744361616463,23.80049771062219,10.327189114467162,1027.405189663153,5.623623641894718,1.257425979401222
2024-06-22,0.12887859482863842,1.64,7105932,1.034722180274597,386.2883735609635,4.249458243898861,23.21630962468431,11.043762158728734,1162.004932789504,5.378757646285993,1.2533891609322738
2024-06-23,0.11473338320110493,1.46,7105932,0.0,537.3552844679683,3.228155487075145,26.19989404177296,9.32998231215187,851.5527465481954,5.61927694509563,1.683045212321637
2024-06-24,0.10530324211608262,1.34,7105932,3.993772191500895,368.2082240578208,2.1923119875831114,27.061558516421744,12.304329116593475,1262.9921616463782,5.825828367867457,1.8750761641773568
2024-06-25,0.09901648139273439,1.26,7105932,0.0,519.1582034748927,1.3389164659498434,28.137714677243288,11.704733538450396,1023.3266844718808,5.999924319448584,1.9698412646360564
2024-06-26,0.09115803048854912,1.16,7105932,5.447753524974023,326.94047187073664,0.7396043891328188,25.30102053129569,12.840583279073662,1384.5507470758491,6.28931586646577,1.6952980118884051
2024-06-27,0.10294570684482704,1.31,7105932,0.0,424.6187587534733,0.4920977745906852,24.954605036693835,12.670107081628222,1257.481284730903,5.621053372400299,1.4548015783877548
2024-06-28,0.09115803048854912,1.16,7105932,0.0,507.119630355806,0.3507420949706415,26.42041565288416,10.677773668136105,1000.0480536390826,6.1374701997623085,1.6481579755285876
2024-06-29,0.0817278894035268,1.04,7105932,3.560847941642895,345.520719916781,0.223973793903556,22.853140879896937,9.324267273542786,1114.7834211120949,5.802910395198466,1.1568401151360073
2024-06-30,0.08015619922268975,1.02,7105932,11.119339822776611,350.2829768289107,0.0785536100991474,25.583094422757444,11.333750703404794,1260.9928034190882,5.990853026184489,1.2456897835264695
2024-07-01,0.07622697377059712,0.97,7105932,6.190094497051529,311.3416841441353,0.0615345869704759,23.219458289601207,11.293127183095924,1308.0807081013222,5.160904531321477,1.1097177528938504
2024-07-02,0.07465528358976006,0.95,7105932,0.0,452.0178911060833,0.0462895321638739,23.31784052138095,10.357703214690805,1123.877665260779,5.053975062930825,1.101761350722431
2024-07-03,0.05422331123887835,0.69,7105932,0.0,522.8867385631635,0.0316542776462727,25.572544985369014,9.261816769504147,963.9784138023336,5.6900970363580905,1.352793227504299
2024-07-04,0.03929225452092635,0.5,7105932,0.0,499.7897198910045,0.0211213301602998,20.962642215249577,6.209778241821629,825.9136849617619,5.415673423357119,1.0994053021011383
2024-07-05,0.03693471924967076,0.47,7105932,0.0,472.03783761738543,0.0086203852453204,20.358033121240453,6.943210288561215,891.005386781254,5.019377580108968,0.8522716303819128
2024-07-06,0.03379133888799666,0.43,7105932,0.0,556.1307459866442,0.0,25.44203472774274,7.126452021774843,808.8463151606619,5.420751009808089,1.526646079442746
2024-07-07,0.032219648707159605,0.41,7105932,5.659378864805117,345.0992150265248,0.0,19.36352404920884,6.743580670024519,968.8713294931964,4.883948590993667,0.9302444150109306
2024-07-08,0.01807443707962612,0.23,7105932,0.0,487.5895572646494,0.0,18.58879270730217,4.776789748429861,779.4756270095382,4.8306034777707225,0.8456709017617823
2024-07-09,0.007072605813766742,0.09,7105932,0.0,538.7009646461488,0.0,23.34634874965556,6.426160999099598,810.4088729891076,5.27331485834803,1.3293977673203634
2024-07-10,0.007072605813766742,0.09,7105932,0.7176489773257687,496.87304688653495,0.0,24.468253601043447,8.703313539501881,983.8050753966044,5.478757622411091,1.598375959061128
2024-07-11,0.007072605813766742,0.09,7105932,0.0,523.4862099304237,0.0,26.71053408314783,9.982517345645226,1028.3407650986378,5.960551768537579,1.93484445869044
2024-07-12,0.007072605813766742,0.09,7105932,0.0,522.1058052738742,0.0,29.704043055896385,12.47164796728533,1195.994208927161,6.281970539395807,2.1529608396884843
2024-07-13,0.007072605813766742,0.09,7105932,0.0,499.2864230543926,0.0,29.14332872352056,13.28528150984062,1294.5528523388773,6.486392802610585,2.064972931842772
2024-07-14,0.007072605813766742,0.09,7105932,0.0,462.0279297167217,0.0,28.61657168857093,14.368583853184402,1438.5900701883531,5.538251242289783,2.111244778857207
2024-07-15,0.006286760723348216,0.08,7105932,0.0,476.3368422498747,0.0,27.67836723289187,13.01123596129886,1306.891275077859,5.652438057479772,1.7938062339341505
2024-07-16,0.00785845090418527,0.1,7105932,14.360005033276035,351.6962651851961,0.0,23.80390585065113,9.78221996458048,1189.1942613295766,4.654668117089192,1.2079274274471707
2024-07-17,0.02671873307422992,0.34,7105932,3.3609802053364297,401.8123691400712,0.0,22.54814923553061,8.226927074779859,1037.808952370954,4.525475510905667,0.9199874019974256
2024-07-18,0.02121781744130023,0.27,7105932,2.020847933094432,409.0196827882119,0.0,23.11376594460789,8.787005153368597,1074.7498616808168,4.4689680682602,0.901620259156707
2024-07-19,0.01021598617544085,0.13,7105932,5.9149313786475295,346.39441223644366,0.0,23.140055383559933,9.254170305980937,1163.466888946806,4.458334308134992,0.91912181953106
2024-07-20,0.02671873307422992,0.34,7105932,22.74708340993167,360.06346278594924,0.0,21.49507870048724,7.0381113282225645,998.2877173657466,4.256129534971176,0.7811276097133655
2024-07-21,0.08408542467478239,1.07,7105932,23.03227797704453,265.65132167835867,0.0,16.7497972236317,7.28213180041184,1026.4447461734176,2.992301857620157,0.3486657457446607
2024-07-22,0.05029408578678573,0.64,7105932,0.0,472.5548120157173,0.0,19.244252156712665,5.5015471338459765,901.199580777603,4.277674178655401,0.6799206166644682
2024-07-23,0.02278950762213728,0.29,7105932,0.0,502.1062757028984,0.0,21.96283479137596,6.619732868015067,963.3690174165744,4.78931586646577,1.008416280325014
2024-07-24,0.011001831265859378,0.14,7105932,0.0,491.5941160071537,0.0,24.541791661163856,9.328702316125568,1147.4465854640448,5.334232049338596,1.3467330312164152
2024-07-25,0.00785845090418527,0.1,7105932,0.0,449.67089480784216,0.0,24.53580560572459,11.149843710382322,1305.384152904932,5.5988410316127,1.317868215274462
2024-07-26,0.007072605813766742,0.09,7105932,4.63441603035354,349.67982911432773,0.0,24.969007308948427,10.64118558435006,1281.9161636873532,4.557553265607519,1.1491218318082497
2024-07-27,0.00785845090418527,0.1,7105932,0.0,477.5952525783488,0.0,25.22267985022517,10.54803829654512,1208.9799882356026,4.739007157283329,1.1993448223472312
2024-07-28,0.006286760723348216,0.08,7105932,0.0,509.8738985949594,0.0,26.81131414173381,10.267912338283748,1150.2426397768904,5.587866929311269,1.7037734918364864
2024-07-29,0.005500915632929689,0.07,7105932,0.0,501.47385629022136,0.0,27.506387677888977,11.211000294112818,1232.4157967689398,6.1736299233726735,1.9955752102572024
2024-07-30,0.004715070542511162,0.06,7105932,0.0,472.5202016331798,0.0,29.122880009750546,13.89749025676718,1491.9478117039364,5.989315757737043,2.246003521484526
2024-07-31,0.003929225452092635,0.05,7105932,0.0,467.0443667834391,0.0,27.57632090556647,12.74344460916441,1398.8496875356811,6.434546995000753,2.002065002520228
2024-08-01,0.003143380361674108,0.04,7105932,11.459947174117652,347.53439534069446,0.0,26.90018287106937,12.181162993373531,1407.2495190242048,5.768124000572866,1.7004989026640254
2024-08-02,0.003929225452092635,0.05,7105932,4.810685488717957,373.1608959657953,0.0,25.59027353930536,10.871029372597963,1280.3593958705317,5.607937493732206,1.468219731006332
2024-08-03,0.003929225452092635,0.05,7105932,0.0,483.2626651486596,0.0,26.35681744013533,10.813163746630378,1247.802261427516,5.650233196284018,1.593241750901121
2024-08-04,0.003929225452092635,0.05,7105932,0.0,473.8077427605858,0.0,27.42130783809677,12.0652097544863,1356.9475209314369,5.602494636380402,1.5550711873918297
2024-08-05,0.003929225452092635,0.05,7105932,19.52062241911242,328.40859489734095,0.0,25.92950737799266,12.253079224642116,1429.742655987311,5.093650128839297,1.3172949730891848
2024-08-06,0.003929225452092635,0.05,7105932,0.0068476751401665,417.5528845597801,0.0,24.170791244602952,11.633700375594795,1369.953500823378,4.649225259737387,0.9852866342675404
2024-08-07,0.003143380361674108,0.04,7105932,3.240390550713628,377.60741628440417,0.0,26.45818322417086,11.969643483973575,1386.1847667292766,4.839674906690398,1.4510104304614404
2024-08-08,0.004715070542511162,0.06,7105932,21.164467633153524,227.37434449687896,0.0,17.068767875872283,8.939884035536542,1149.8871535168676,3.727365490169748,0.3641426221758437
2024-08-09,0.004715070542511162,0.06,7105932,13.327494035098178,216.3308608257096,0.0,16.32187867173623,8.8027781725861,1138.650996639429,3.436928345422021,0.3527655282375929
2024-08-10,0.009430141085022324,0.12,7105932,8.095817065642974,346.1607310086154,0.0,20.488868729479744,8.331845794229311,1100.7697696692994,3.910948669518423,0.5805871139564577
2024-08-11,0.003929225452092635,0.05,7105932,11.633939840863595,349.8497306763172,0.0,23.74518579461644,9.550183997371114,1195.7959891943235,4.605052390236149,1.1557275888014755
2024-08-12,0.003929225452092635,0.05,7105932,16.047371793787562,305.29150143777514,0.0,22.14193401406359,10.594127509641122,1284.899078918972,4.312712598811232,1.0222766677618655
2024-08-13,0.007072605813766742,0.09,7105932,10.466274322558666,332.2068147624456,0.0,23.81396108192116,10.86833694790117,1306.3104178068302,4.493725480128552,1.0709084104392217
2024-08-14,0.007072605813766742,0.09,7105932,0.5219503656711207,454.72008301873217,0.0,22.634249808672045,9.299582917909255,1178.6375672286438,4.888950404613793,1.0376439523423548
2024-08-15,0.003143380361674108,0.04,7105932,0.0,489.64452449053135,0.0,23.62034790074628,8.460769841003225,1109.283773996344,4.993725480128552,1.3254277393741898
2024-08-16,0.003143380361674108,0.04,7105932,0.0,474.7256648710216,0.0,26.19870975273778,11.296782175059038,1338.753670506803,5.251014288207422,1.4980559332088088
2024-08-17,0.003143380361674108,0.04,7105932,0.0,499.6889427351353,0.0,27.983600911076405,11.283122062803258,1329.68991524503,5.3276174657513335,1.9601436525083864
2024-08-18,0.003143380361674108,0.04,7105932,6.397757378065481,336.11581551243137,0.0,26.07140470617467,12.127893480918738,1420.8137088759772,4.627693164914835,1.5876464732005369
2024-08-19,0.002357535271255581,0.03,7105932,11.27800179615239,327.38794619336863,0.0,25.36460495667988,12.00934609337088,1406.4286012326315,4.304359329937836,1.3386304634290571
2024-08-20,0.003143380361674108,0.04,7105932,11.820296099553318,354.5378799813361,0.0,25.91708707671269,10.588525945599294,1282.064026763251,4.945571311613286,1.447112275969251
2024-08-21,0.003143380361674108,0.04,7105932,0.0,421.649773148696,0.0,24.65131657703616,11.893327420193703,1396.1493943147009,4.586795996730477,1.4815383487194116
2024-08-22,0.003929225452092635,0.05,7105932,0.1735252636387761,393.73237857672007,0.0,23.99961188471225,12.31718412430292,1440.276867649635,4.1221746922861,1.0929456868053935
2024-08-23,0.003929225452092635,0.05,7105932,0.0,420.810584924887,0.0,23.73159515219369,11.151448881834895,1329.3856893113837,4.881668063064388,1.253932237189558
2024-08-24,0.002357535271255581,0.03,7105932,0.0,358.3173250340388,0.0,22.92921741462045,12.69804081911402,1472.41838834459,5.238566235389339,1.317637656300347
2024-08-25,0.002357535271255581,0.03,7105932,0.0,409.5598505113141,0.0,23.682519946363268,11.668828300374177,1383.2768783694291,5.25243798806593,1.386038783261348
2024-08-26,0.002357535271255581,0.03,7105932,0.0,335.6541639810786,0.0,19.893898227735384,10.772706324498149,1299.8132731478656,3.970328785121418,0.8651341701599246
2024-08-27,0.003143380361674108,0.04,7105932,0.0,473.5671589579707,0.0,22.440073005135083,7.895968290965563,1072.7824424194782,4.723673983426482,1.1060211760384675
2024-08-28,0.003143380361674108,0.04,7105932,0.0,436.4457744354712,0.0,24.28980859389034,11.106555326648513,1322.4452907989523,4.893725504003452,1.4930880633262025
2024-08-29,0.001571690180837054,0.02,7105932,0.9053080508116286,416.4384804459262,0.0,22.181250848442115,10.196622064015386,1251.5044265983531,4.406488500525161,1.1563361457061954
2024-08-30,0.001571690180837054,0.02,7105932,0.0,447.6211679426655,0.0,20.391836937539924,7.346593173487113,1032.6787260636372,4.181706025466159,0.7989530047662043
2024-08-31,0.000785845090418527,0.01,7105932,0.0,493.3201809441307,0.0,22.42356037453738,6.640245654442695,979.0806648914764,4.685321987313588,1.2642950495815064
2024-09-01,0.001571690180837054,0.02,7105932,0.0,452.8622006924217,0.0,20.073142281313952,6.637801428142776,980.8768598381812,4.358334332009894,1.12656294308247
2024-09-02,0.000785845090418527,0.01,7105932,0.0,481.9375393379539,0.0,22.34285508893937,7.0199143536012425,1003.2783341621052,4.735000670369241,1.13179414051072
2024-09-03,0.000785845090418527,0.01,7105932,0.0,496.044473420016,0.0,23.468852207885064,6.991261196869422,1002.365969772887,4.556872847579775,1.3689592984786965
2024-09-04,0.0,0.0,7105932,4.131407307154647,354.2716437915687,0.0,21.98123729206444,8.575088860481861,1119.253426566117,4.272558926634844,1.1918483223454903
2024-09-05,0.003143380361674108,0.04,7105932,4.516322339198382,245.60300562540044,0.0,13.96974543232273,5.506837634366209,913.1526992488328,2.694456328669227,0.39872999446502
2024-09-06,0.005500915632929689,0.07,7105932,0.0,492.0709623164007,0.0,19.341320453339552,3.553662610576691,794.8005725754377,3.497391901434376,0.6567229442021489
2024-09-07,0.004715070542511162,0.06,7105932,0.0,466.36844857537767,0.0,21.55365389607273,6.568347000183587,974.0467648414244,3.8455713582576574,0.9583520155132034
2024-09-08,0.005500915632929689,0.07,7105932,0.0,455.0599962474568,0.0,21.665847360659736,6.997158869937639,1007.0288690521594,3.69051280492677,1.046520088757407
2024-09-09,0.004715070542511162,0.06,7105932,0.0,446.8602689608709,0.0,23.070874441626746,8.46996097395278,1111.456122774343,3.475103904547012,1.306647349480824
2024-09-10,0.003929225452092635,0.05,7105932,0.0,423.0933190934886,0.0,21.9916895395024,8.60870862857241,1124.4385213949256,4.104283806357588,1.2820423062267925
2024-09-11,0.003143380361674108,0.04,7105932,0.0093536598039271,417.8063955423557,0.0,21.8885409883968,8.62772457122322,1123.741910354097,3.668905112039566,1.1605745188847767
2024-09-12,0.003143380361674108,0.04,7105932,0.0,480.3181382119544,0.0,24.09524770243816,6.763478645347776,987.9426767455697,4.856797218262675,1.2923396731994006
2024-09-13,0.002357535271255581,0.03,7105932,0.0,384.47909455541486,0.0,21.10343588090924,9.059691255753776,1153.5880016371598,3.813392948260217,1.0896560147290149
2024-09-14,0.001571690180837054,0.02,7105932,0.0,454.612158197742,0.0,22.68114266161866,7.006371348814683,1006.5265499699904,4.058334300631281,1.3127806694558362
2024-09-15,0.001571690180837054,0.02,7105932,0.0,434.3683627362784,0.0,23.18669912408668,8.421045778980329,1105.1985300224374,4.26377728472913,1.361733653360039
2024-09-16,0.001571690180837054,0.02,7105932,0.0,367.0442306712727,0.0,19.065493215042085,7.786510016645728,1057.9355271887205,3.679463242108716,0.963319871247498
2024-09-17,0.001571690180837054,0.02,7105932,3.698472973109943,307.04529059286205,0.0,20.3774359632052,7.687957635706247,1052.1091043444171,3.429809728977856,0.7293347561180674
2024-09-18,0.002357535271255581,0.03,7105932,0.0,438.1329518073418,0.0,20.01396251484776,5.220122205771017,886.6125535728258,4.02761739336965,1.1254542078721932
2024-09-19,0.002357535271255581,0.03,7105932,0.0,418.1781889550314,0.0,19.30147908390867,5.617006449671163,911.808102569638,4.106488672810145,1.0916416961059046
2024-09-20,0.001571690180837054,0.02,7105932,0.0,446.8547281998447,0.0,23.07497144980019,6.97759730223821,1000.1807247285384,4.169913127708603,1.3966284166043836
2024-09-21,0.000785845090418527,0.01,7105932,9.580874381414418,279.5902770980712,0.0,16.643569534275798,4.8490827701187,867.5373125051058,3.1298475508217054,0.6746428141526946
2024-09-22,0.002357535271255581,0.03,7105932,2.24174746333674,193.4520580382585,0.0,8.589753095067625,1.99755197232764,709.3174024526397,1.355474326132046,0.0432505980540004
2024-09-23,0.002357535271255581,0.03,7105932,0.0,462.1220085314181,0.0,17.907543152214004,0.9981516869347954,657.699539759394,3.079463309720224,0.778611565959443
2024-09-24,0.001571690180837054,0.02,7105932,0.0,400.7988555089224,0.0,18.40752923904655,4.9600919930718925,872.3489974700668,3.371097351301072,0.857328958936102
2024-09-25,0.001571690180837054,0.02,7105932,0.0,450.7081079933615,0.0,21.747959015365502,4.47413254414996,842.9294675981063,3.2397126848697355,0.9878354281265904
2024-09-26,0.001571690180837054,0.02,7105932,0.0,444.2011113512255,0.0,24.72840353576575,7.00916718968039,1002.75746466036,3.6751039218013433,1.4955146705622149
2024-09-27,0.000785845090418527,0.01,7105932,0.0,348.7928025393577,0.0,22.28238247269059,10.200599756922122,1248.021146755307,4.20864310438212,1.292705050670666
2024-09-28,0.000785845090418527,0.01,7105932,0.0,355.0080085168995,0.0,20.60359959664236,8.331697127974362,1099.4435872898243,3.704283811830672,1.012207382975229
2024-09-29,0.000785845090418527,0.01,7105932,0.0,396.7708528991368,0.0,22.716043894035884,7.904114918278042,1066.284042775578,3.578770285516629,1.2135542639034496
2024-09-30,0.000785845090418527,0.01,7105932,0.0,405.369081162439,0.0,23.743706736469115,8.124463920706207,1082.1460980317656,4.024366858865537,1.2185939401482038
2024-10-01,0.000785845090418527,0.01,7105932,0.0,420.84742612815904,0.0,19.541225812800725,3.334198075607258,775.6364010857351,2.908025714391961,0.675059854436074
2024-10-02,0.000785845090418527,0.01,7105932,0.0,435.1520304190236,0.0,23.75943441728628,5.41463902039568,898.0572000383144,3.794431141976732,1.5385724903429665
2024-10-03,0.000785845090418527,0.01,7105932,0.0,405.6453396755246,0.0,21.46753678496664,5.56160515832919,909.3024636194476,3.786783423429173,1.1209789763563929
2024-10-04,0.000785845090418527,0.01,7105932,0.0,415.185745114296,0.0,21.08305164162691,4.229066387357706,826.287698225454,3.49522491100379,1.0896572870482448
2024-10-05,0.000785845090418527,0.01,7105932,0.0,390.5030390309404,0.0,22.4977159051942,6.642684887499987,977.254256627324,4.077233142962123,1.4430024094135223
2024-10-06,0.000785845090418527,0.01,7105932,0.0,334.381239200999,0.0,17.68328214409641,5.480447301399619,902.0489822931756,3.305064877860564,0.928651879825654
2024-10-07,0.000785845090418527,0.01,7105932,0.0,391.2408240598139,0.0,19.66558263667422,3.895586489609781,807.3067335196312,3.060841625397941,1.20289531839394
2024-10-08,0.000785845090418527,0.01,7105932,0.0,362.8730016926816,0.0,19.07804478225621,4.984492877726141,871.9919374304211,2.6846541076038712,1.086391582369759
2024-10-09,0.000785845090418527,0.01,7105932,0.0,363.1443926309088,0.0,18.953046383568747,4.764768806981156,861.4386290235063,3.0510142328637926,1.1278732542699057
2024-10-10,0.001571690180837054,0.02,7105932,0.0,365.05818874325,0.0,20.02461265625484,5.4183243238401735,902.4381405730772,2.926193753192387,1.2187816735042103
2024-10-11,0.002357535271255581,0.03,7105932,0.0,350.8746357615354,0.0,19.88749898656032,5.915927886842734,932.3624391155668,2.8440846770539965,1.2878064990674452
2024-10-12,0.002357535271255581,0.03,7105932,0.0,355.9448071278296,0.0,20.58191367614715,6.167715790801344,947.0211455556746,3.2283734648657534,1.2434383212761566
2024-10-13,0.002357535271255581,0.03,7105932,0.0,301.3454516097101,0.0,16.221789088735235,4.926656180310039,869.0353302890142,2.8393725484958803,0.7480294781486979
2024-10-14,0.002357535271255581,0.03,7105932,0.0,394.8050930796513,0.0,19.87946189956309,2.361888629476685,724.1711428626531,2.69223884309406,1.1853067912757431
2024-10-15,0.002357535271255581,0.03,7105932,0.0,334.6805924921083,0.0,15.771554785650713,2.554184196997728,734.7228445384966,3.102078843330035,0.7704674221337765
2024-10-16,0.002357535271255581,0.03,7105932,0.0,383.7889013685716,0.0,17.034664086885797,0.167467558089983,618.2364055551357,3.07506616908296,0.966657399845856
2024-10-17,0.001571690180837054,0.02,7105932,0.0,257.128406203122,0.0,13.189872886967231,3.384605013454562,778.7268493429333,2.887476327903807,0.6718873631275313
2024-10-18,0.003143380361674108,0.04,7105932,8.148716158841047,172.81550301504598,0.0,10.965499570932348,2.476447003726111,732.0201262139665,1.6484943778355352,0.2756759489293779
2024-10-19,0.006286760723348216,0.08,7105932,3.0508189438061337,187.4716523112676,0.0,9.830666520184918,1.4647221903442107,681.1879557373692,1.2470706896080812,0.2003225390301237
2024-10-20,0.00785845090418527,0.1,7105932,6.254285032869031,230.2743096290945,0.0,13.322550018443197,1.294607526276444,675.2614320301057,2.132757945881992,0.4052312019374608
2024-10-21,0.01021598617544085,0.13,7105932,0.0,321.7482186185633,0.0,12.627172723981367,-0.1309008547956192,609.3864926576946,2.4115660791960614,0.5742308237667691
2024-10-22,0.01021598617544085,0.13,7105932,0.0,349.7219846518075,0.0,16.64648859065621,1.413043953056853,679.1259251397847,2.6703289042075484,0.8556318635812584
2024-10-23,0.008644295994603795,0.11,7105932,0.0,305.02800847721943,0.0,14.910339021676728,2.524765021031699,732.7426621238933,2.2674814151308764,0.6931132713943641
2024-10-24,0.009430141085022324,0.12,7105932,0.0,330.378344295156,0.0,17.160464897915144,2.786043843169258,746.1491194834736,2.7276175124557813,0.8800579648001658
2024-10-25,0.008644295994603795,0.11,7105932,0.0,303.679474688243,0.0,11.445532324032651,-0.8213644945773185,575.223262572027,1.916391563788009,0.4576956030740324
2024-10-26,0.009430141085022324,0.12,7105932,0.0,347.32144777543806,0.0,15.602393779343704,0.102866322814778,615.3709780162085,2.084250909068264,0.8409096578499135
2024-10-27,0.009430141085022324,0.12,7105932,0.0,346.27179905171795,0.0,17.621397211642677,1.6278934230788822,687.0806448975992,2.859380139321692,1.1857414754088589
2024-10-28,0.009430141085022324,0.12,7105932,0.0,292.18494107204464,0.0,17.016494846019572,4.497801442192561,843.4389381749929,3.375355928268903,1.2608491499838212
2024-10-29,0.009430141085022324,0.12,7105932,0.0,274.7826611217389,0.0,13.236943410027756,1.8811062190658687,701.9414923467126,2.8852462629775064,0.6598399957939763
2024-10-30,0.011001831265859378,0.14,7105932,6.741244838296939,147.22739608128305,2.721368294271666,1.6772558953703625,-5.431918844852876,409.0303244103529,0.8725967027760425,0.1275431544285164
2024-10-31,0.011787676356277905,0.15,7105932,0.0,353.66353147414674,2.721368294271666,6.140201611649226,-8.549811051476734,322.00622625496334,1.6090714483608353,0.4461837019107195
